step,avg_utility_mean,avg_utility_ci,community_count_coalition_mean,community_count_coalition_ci,n_relocations_mean,n_relocations_ci,utility_coalition_mean,utility_coalition_ci
1,5.398883,0.007262,300.000000,0.000000,228.470000,1.138120,5.398883,0.007262
2,6.048067,0.019576,300.000000,0.000000,187.595000,2.037133,6.048067,0.019576
3,6.057733,0.019180,300.000000,0.000000,187.235000,2.053080,6.057733,0.019180
4,6.070967,0.017029,300.000000,0.000000,186.505000,1.989668,6.070967,0.017029
5,6.046217,0.019734,300.000000,0.000000,187.385000,2.168040,6.046217,0.019734
6,6.046600,0.019601,300.000000,0.000000,186.825000,2.150596,6.046600,0.019601
7,6.050817,0.018841,300.000000,0.000000,186.665000,2.086253,6.050817,0.018841
8,6.050317,0.019372,300.000000,0.000000,187.875000,1.942436,6.050317,0.019372
9,6.072400,0.020026,300.000000,0.000000,184.175000,2.196074,6.072400,0.020026
10,6.078933,0.020165,300.000000,0.000000,185.295000,2.168045,6.078933,0.020165
11,6.061350,0.020048,300.000000,0.000000,187.280000,1.969783,6.061350,0.020048
12,6.054850,0.020565,300.000000,0.000000,186.630000,2.268452,6.054850,0.020565
13,6.061050,0.018150,300.000000,0.000000,186.035000,2.172963,6.061050,0.018150
14,6.069917,0.019173,300.000000,0.000000,185.230000,2.102908,6.069917,0.019173
15,6.040783,0.018673,300.000000,0.000000,186.785000,2.280951,6.040783,0.018673
16,6.088267,0.018440,300.000000,0.000000,183.620000,2.118085,6.088267,0.018440
17,6.063783,0.020001,300.000000,0.000000,185.730000,2.129228,6.063783,0.020001
18,6.052450,0.020142,300.000000,0.000000,187.170000,2.063871,6.052450,0.020142
19,6.061800,0.017550,300.000000,0.000000,184.875000,1.959406,6.061800,0.017550
20,6.063167,0.020574,300.000000,0.000000,184.905000,2.353830,6.063167,0.020574
21,6.033067,0.018759,300.000000,0.000000,189.115000,2.128070,6.033067,0.018759
22,6.057933,0.017622,300.000000,0.000000,185.375000,2.030410,6.057933,0.017622
23,6.084583,0.019497,300.000000,0.000000,184.305000,2.010429,6.084583,0.019497
24,6.063550,0.019229,300.000000,0.000000,185.755000,2.176519,6.063550,0.019229
25,6.076800,0.018784,300.000000,0.000000,183.760000,2.105685,6.076800,0.018784
26,6.059183,0.018086,300.000000,0.000000,187.290000,2.069545,6.059183,0.018086
27,6.047817,0.019401,300.000000,0.000000,187.495000,2.146803,6.047817,0.019401
28,6.050533,0.018513,300.000000,0.000000,186.810000,2.228446,6.050533,0.018513
29,6.055783,0.018810,300.000000,0.000000,186.645000,2.131955,6.055783,0.018810
30,6.060833,0.018505,300.000000,0.000000,184.365000,2.110078,6.060833,0.018505
31,6.055783,0.018699,300.000000,0.000000,185.780000,2.237254,6.055783,0.018699
32,6.059850,0.019540,300.000000,0.000000,185.775000,2.033783,6.059850,0.019540
33,6.068550,0.017290,300.000000,0.000000,185.905000,1.971715,6.068550,0.017290
34,6.080783,0.019968,300.000000,0.000000,183.455000,2.198857,6.080783,0.019968
35,6.048350,0.018469,300.000000,0.000000,186.300000,2.352082,6.048350,0.018469
36,6.061800,0.019542,300.000000,0.000000,186.990000,1.983010,6.061800,0.019542
37,6.055700,0.018221,300.000000,0.000000,185.460000,2.039205,6.055700,0.018221
38,6.064217,0.019871,300.000000,0.000000,184.740000,2.269597,6.064217,0.019871
39,6.063200,0.019719,300.000000,0.000000,185.370000,2.112416,6.063200,0.019719
40,6.074267,0.018469,300.000000,0.000000,184.710000,2.108083,6.074267,0.018469
41,6.066933,0.016900,300.000000,0.000000,185.810000,2.126083,6.066933,0.016900
42,6.065033,0.017614,300.000000,0.000000,186.795000,1.858344,6.065033,0.017614
43,6.066500,0.018973,300.000000,0.000000,184.765000,2.182386,6.066500,0.018973
44,6.075000,0.019308,300.000000,0.000000,185.670000,2.176812,6.075000,0.019308
45,6.054550,0.019036,300.000000,0.000000,186.335000,2.258215,6.054550,0.019036
46,6.053167,0.018827,300.000000,0.000000,186.540000,2.134079,6.053167,0.018827
47,6.057333,0.020101,300.000000,0.000000,186.210000,2.361158,6.057333,0.020101
48,6.059817,0.019097,300.000000,0.000000,185.695000,2.153097,6.059817,0.019097
49,6.061233,0.021463,300.000000,0.000000,187.070000,2.235500,6.061233,0.021463
50,6.043550,0.020491,300.000000,0.000000,187.520000,2.150664,6.043550,0.020491
51,6.066700,0.017987,300.000000,0.000000,185.750000,2.157153,6.066700,0.017987
52,6.055617,0.017251,300.000000,0.000000,187.205000,1.947466,6.055617,0.017251
53,6.064317,0.018555,300.000000,0.000000,186.420000,1.923080,6.064317,0.018555
54,6.043950,0.018718,300.000000,0.000000,186.150000,2.218825,6.043950,0.018718
55,6.068700,0.022158,300.000000,0.000000,185.020000,2.272136,6.068700,0.022158
56,6.063800,0.018401,300.000000,0.000000,185.710000,2.097572,6.063800,0.018401
57,6.058800,0.018910,300.000000,0.000000,186.015000,2.138039,6.058800,0.018910
58,6.063450,0.019444,300.000000,0.000000,186.620000,2.199944,6.063450,0.019444
59,6.059217,0.020385,300.000000,0.000000,185.830000,2.366365,6.059217,0.020385
60,6.081633,0.018768,300.000000,0.000000,182.745000,2.080913,6.081633,0.018768
61,6.054617,0.019411,300.000000,0.000000,185.130000,2.182224,6.054617,0.019411
62,6.066233,0.020317,300.000000,0.000000,185.435000,2.178340,6.066233,0.020317
63,6.075750,0.019441,300.000000,0.000000,185.785000,2.355276,6.075750,0.019441
64,6.075550,0.019401,300.000000,0.000000,185.085000,2.153257,6.075550,0.019401
65,6.048883,0.018278,300.000000,0.000000,187.245000,1.985127,6.048883,0.018278
66,6.062983,0.020360,300.000000,0.000000,186.870000,2.125716,6.062983,0.020360
67,6.063117,0.019567,300.000000,0.000000,185.950000,2.028380,6.063117,0.019567
68,6.058767,0.020326,300.000000,0.000000,186.465000,2.207753,6.058767,0.020326
69,6.065217,0.018914,300.000000,0.000000,185.005000,2.102761,6.065217,0.018914
70,6.065100,0.017869,300.000000,0.000000,186.330000,2.090543,6.065100,0.017869
71,6.056700,0.018780,300.000000,0.000000,187.200000,1.946063,6.056700,0.018780
72,6.058050,0.018248,300.000000,0.000000,186.080000,1.937033,6.058050,0.018248
73,6.078550,0.021576,300.000000,0.000000,184.335000,2.267982,6.078550,0.021576
74,6.061633,0.020417,300.000000,0.000000,188.025000,2.277418,6.061633,0.020417
75,6.088100,0.019112,300.000000,0.000000,184.025000,1.929848,6.088100,0.019112
76,6.075600,0.018927,300.000000,0.000000,186.300000,2.136256,6.075600,0.018927
77,6.053917,0.021155,300.000000,0.000000,186.005000,2.485195,6.053917,0.021155
78,6.070200,0.020075,300.000000,0.000000,186.285000,2.140200,6.070200,0.020075
79,6.068683,0.019727,300.000000,0.000000,186.005000,2.000240,6.068683,0.019727
80,6.060550,0.017758,300.000000,0.000000,187.505000,2.065502,6.060550,0.017758
81,6.070033,0.019444,300.000000,0.000000,186.050000,2.188559,6.070033,0.019444
82,6.067117,0.020097,300.000000,0.000000,185.385000,2.178344,6.067117,0.020097
83,6.058067,0.019852,300.000000,0.000000,186.635000,2.112136,6.058067,0.019852
84,6.055167,0.019288,300.000000,0.000000,187.035000,2.130754,6.055167,0.019288
85,6.064667,0.019315,300.000000,0.000000,184.715000,1.948362,6.064667,0.019315
86,6.088200,0.019076,300.000000,0.000000,184.495000,2.148016,6.088200,0.019076
87,6.082983,0.018772,300.000000,0.000000,184.350000,2.132491,6.082983,0.018772
88,6.061633,0.019727,300.000000,0.000000,185.475000,2.000357,6.061633,0.019727
89,6.063817,0.020936,300.000000,0.000000,186.360000,2.291892,6.063817,0.020936
90,6.066350,0.020352,300.000000,0.000000,185.395000,2.433879,6.066350,0.020352
91,6.060517,0.018714,300.000000,0.000000,184.995000,2.450738,6.060517,0.018714
92,6.051717,0.020248,300.000000,0.000000,187.385000,2.227895,6.051717,0.020248
93,6.062600,0.018956,300.000000,0.000000,186.365000,2.134094,6.062600,0.018956
94,6.061217,0.020510,300.000000,0.000000,186.370000,2.100456,6.061217,0.020510
95,6.062400,0.019274,300.000000,0.000000,184.415000,2.215714,6.062400,0.019274
96,6.062250,0.019569,300.000000,0.000000,184.690000,2.203575,6.062250,0.019569
97,6.058033,0.019009,300.000000,0.000000,187.130000,2.227879,6.058033,0.019009
98,6.075850,0.018960,300.000000,0.000000,184.080000,2.138124,6.075850,0.018960
99,6.074883,0.017907,300.000000,0.000000,184.370000,2.291651,6.074883,0.017907
100,6.057900,0.019614,300.000000,0.000000,185.875000,2.161452,6.057900,0.019614
