step,avg_utility_mean,avg_utility_ci,community_count_algorithmic_mean,community_count_algorithmic_ci,community_count_coalition_mean,community_count_coalition_ci,community_count_direct_mean,community_count_direct_ci,n_relocations_mean,n_relocations_ci,utility_algorithmic_mean,utility_algorithmic_ci,utility_coalition_mean,utility_coalition_ci,utility_direct_mean,utility_direct_ci
1,5.570317,0.010473,201.550000,1.381797,51.050000,1.158615,47.400000,1.042889,246.255000,0.912683,5.486366,0.014993,5.864714,0.039128,5.650370,0.036166
2,6.060833,0.020930,219.130000,1.629480,54.995000,1.408142,25.875000,1.093397,218.855000,1.700046,6.087538,0.023123,6.001931,0.041452,6.030049,0.057203
3,6.348983,0.018467,216.580000,1.631140,54.285000,1.354396,29.135000,1.124448,200.025000,1.912414,6.330456,0.022352,6.199684,0.035711,6.835206,0.053294
4,6.359400,0.018900,214.925000,1.587694,54.535000,1.258919,30.540000,1.145468,199.575000,2.019972,6.326675,0.022240,6.207367,0.034493,6.918672,0.049216
5,6.379500,0.017755,214.685000,1.563535,53.470000,1.417734,31.845000,1.118632,197.900000,1.853440,6.331531,0.021291,6.225415,0.037749,6.999783,0.047560
6,6.403033,0.019875,212.660000,1.866592,54.885000,1.479714,32.455000,1.277408,195.970000,2.067833,6.371548,0.023414,6.218598,0.040245,7.003686,0.054562
7,6.387533,0.019788,213.715000,1.796927,54.375000,1.485070,31.910000,1.088731,196.935000,1.946612,6.335754,0.022058,6.248393,0.036850,7.015290,0.049095
8,6.390250,0.018732,214.805000,1.585185,53.325000,1.242641,31.870000,1.271008,197.895000,1.882244,6.344065,0.022107,6.226396,0.036764,7.034033,0.052581
9,6.394733,0.018331,214.640000,1.617513,53.140000,1.317524,32.220000,1.261545,197.205000,1.934237,6.352746,0.021249,6.237678,0.038068,7.006834,0.050262
10,6.389450,0.018001,212.860000,1.750104,54.255000,1.429402,32.885000,1.177819,197.200000,1.903285,6.350878,0.020221,6.202395,0.037940,7.013162,0.052306
11,6.382750,0.019452,214.160000,1.701297,54.020000,1.251081,31.820000,1.205327,196.805000,1.965002,6.337897,0.023256,6.181786,0.037520,7.084548,0.051101
12,6.399017,0.019344,212.760000,1.730090,54.295000,1.474069,32.945000,1.283018,195.545000,1.880469,6.355370,0.022480,6.230672,0.038399,7.036781,0.052754
13,6.401633,0.018569,213.245000,1.837934,54.310000,1.377784,32.445000,1.231151,195.605000,1.909962,6.361260,0.021318,6.196561,0.035650,7.055303,0.052806
14,6.386433,0.020343,212.945000,1.677688,54.185000,1.346369,32.870000,1.267053,198.430000,1.971221,6.339824,0.022895,6.224498,0.039327,7.006638,0.049704
15,6.400267,0.019805,213.460000,1.827577,53.915000,1.452298,32.625000,1.232228,196.370000,2.066264,6.365089,0.022878,6.203365,0.036079,7.017767,0.049852
16,6.390483,0.017601,211.105000,1.777214,54.720000,1.383431,34.175000,1.241592,198.295000,1.646714,6.353871,0.020993,6.194899,0.035597,6.990358,0.048438
17,6.399317,0.018347,213.875000,1.609071,54.065000,1.364103,32.060000,1.204756,197.185000,1.995485,6.345265,0.022278,6.249471,0.034359,7.061294,0.049139
18,6.395650,0.019635,214.270000,1.533248,53.500000,1.208784,32.230000,1.197207,197.715000,1.987259,6.346100,0.023318,6.227469,0.038878,7.069933,0.049564
19,6.379767,0.020940,213.695000,1.763354,54.430000,1.280255,31.875000,1.272346,197.380000,1.920830,6.335825,0.025407,6.199995,0.037093,7.029948,0.048915
20,6.387933,0.018529,211.995000,1.765285,54.400000,1.348799,33.605000,1.184497,195.850000,1.894173,6.335712,0.021615,6.216494,0.037230,7.029570,0.049985
21,6.411883,0.019672,214.115000,1.679297,53.310000,1.343377,32.575000,1.242991,196.215000,1.914454,6.365765,0.022709,6.233325,0.038330,7.066184,0.049912
22,6.388267,0.017852,211.460000,1.795824,54.420000,1.407310,34.120000,1.273834,198.110000,1.771469,6.348384,0.021200,6.205950,0.037195,6.989594,0.052628
23,6.411000,0.020034,212.290000,1.668307,55.545000,1.356491,32.165000,1.265259,197.145000,1.906194,6.368953,0.023726,6.231907,0.036772,7.057758,0.053649
24,6.398467,0.020363,211.195000,1.755372,55.045000,1.413533,33.760000,1.250562,195.965000,2.114154,6.356364,0.024276,6.215886,0.037468,7.033533,0.053167
25,6.397817,0.018980,211.995000,1.750846,54.825000,1.328352,33.180000,1.377880,197.880000,1.907012,6.355375,0.023309,6.209873,0.033711,7.036754,0.051685
26,6.391000,0.017605,212.775000,1.808175,54.105000,1.355324,33.120000,1.287176,197.755000,1.808926,6.344898,0.021305,6.212672,0.036465,7.031585,0.047347
27,6.383583,0.019325,212.980000,1.721293,54.025000,1.367380,32.995000,1.283567,197.085000,2.068574,6.336101,0.020622,6.191218,0.038208,7.054688,0.046330
28,6.397350,0.019176,212.545000,1.749539,54.110000,1.243328,33.345000,1.262955,197.375000,1.881015,6.343718,0.023017,6.232307,0.036166,7.055880,0.049746
29,6.390033,0.019651,212.500000,1.831121,54.350000,1.380748,33.150000,1.306985,196.590000,2.036379,6.350325,0.023744,6.206155,0.036453,7.011548,0.051379
30,6.396250,0.017963,213.755000,1.629668,53.095000,1.318590,33.150000,1.203803,197.935000,1.903999,6.348150,0.020612,6.226621,0.037743,7.037223,0.053268
31,6.405983,0.019676,212.795000,1.701800,54.010000,1.320082,33.195000,1.247352,196.325000,1.913045,6.367130,0.022286,6.207593,0.040735,7.049932,0.050990
32,6.373517,0.020345,214.030000,1.686909,53.250000,1.259293,32.720000,1.239236,199.310000,1.909532,6.322137,0.023367,6.203642,0.037249,7.040696,0.047075
33,6.379967,0.018908,212.820000,1.767103,54.335000,1.394627,32.845000,1.254481,198.000000,1.947055,6.341395,0.021960,6.182499,0.038065,7.039485,0.053066
34,6.378083,0.019359,212.870000,1.622058,53.955000,1.262473,33.175000,1.272384,198.285000,1.919363,6.328250,0.022373,6.208823,0.038079,7.033821,0.047822
35,6.402050,0.020848,212.330000,1.692405,54.575000,1.358385,33.095000,1.218851,196.995000,1.905135,6.362584,0.024211,6.213490,0.038003,7.042288,0.051108
36,6.414533,0.017836,212.530000,1.874666,54.140000,1.452581,33.330000,1.238998,197.130000,1.808916,6.361390,0.020305,6.281461,0.034874,7.037881,0.050584
37,6.399367,0.018615,212.160000,1.669917,54.370000,1.308723,33.470000,1.274618,197.030000,2.010319,6.353392,0.021109,6.220898,0.037552,7.044350,0.049909
38,6.387667,0.020134,212.000000,1.659164,54.630000,1.360506,33.370000,1.244998,197.920000,1.919966,6.340100,0.022987,6.223642,0.039783,7.016688,0.054071
39,6.385633,0.020772,212.210000,1.589374,54.005000,1.374074,33.785000,1.143869,197.635000,2.087959,6.341662,0.023326,6.199081,0.040954,7.004932,0.046228
40,6.406850,0.019594,211.695000,1.731259,54.170000,1.320164,34.135000,1.296152,196.620000,2.017922,6.360597,0.022262,6.228981,0.038568,7.016453,0.048375
41,6.388833,0.020614,212.280000,1.514591,54.235000,1.261225,33.485000,1.227404,197.270000,1.958015,6.338624,0.023036,6.212887,0.037076,7.048246,0.051497
42,6.381217,0.018744,212.315000,1.826084,53.855000,1.344311,33.830000,1.261924,198.455000,1.896620,6.335546,0.022301,6.186235,0.035390,7.037299,0.048890
43,6.411783,0.019493,213.250000,1.673630,54.060000,1.239974,32.690000,1.244694,195.875000,1.998378,6.366560,0.023491,6.238932,0.034524,7.045297,0.049147
44,6.386533,0.019030,212.800000,1.771589,54.415000,1.367510,32.785000,1.310976,198.940000,1.864636,6.338588,0.020356,6.223146,0.037055,7.038057,0.054633
45,6.385283,0.019820,214.845000,1.652641,53.850000,1.286290,31.305000,1.194017,198.285000,1.926491,6.341293,0.022765,6.196246,0.038104,7.068429,0.050101
46,6.394317,0.019788,213.015000,1.660297,53.400000,1.339752,33.585000,1.199749,196.810000,1.883372,6.355719,0.021603,6.193501,0.038657,6.996174,0.051401
47,6.392667,0.019030,214.380000,1.695109,52.885000,1.424680,32.735000,1.282813,197.340000,1.817653,6.342782,0.020606,6.235802,0.039209,7.047137,0.049822
48,6.415883,0.020091,213.445000,1.626004,53.510000,1.357714,33.045000,1.184692,195.130000,1.996946,6.380201,0.023245,6.202518,0.035588,7.037627,0.049316
49,6.380650,0.019953,212.980000,1.665607,54.190000,1.383028,32.830000,1.266428,198.955000,1.832770,6.343712,0.023071,6.173798,0.040286,7.018468,0.047036
50,6.385733,0.018293,211.955000,1.653062,54.155000,1.340263,33.890000,1.209965,197.950000,1.784117,6.344942,0.022363,6.202118,0.038777,6.982469,0.049522
51,6.399083,0.019901,213.585000,1.661505,53.815000,1.292901,32.600000,1.289606,198.635000,2.051820,6.353302,0.022238,6.210513,0.040777,7.064504,0.049323
52,6.387050,0.019512,212.060000,1.666689,54.085000,1.329030,33.855000,1.245935,197.245000,1.880761,6.342646,0.021970,6.209700,0.041820,6.998351,0.048664
53,6.390500,0.018054,212.565000,1.600388,55.110000,1.345273,32.325000,1.232032,198.465000,1.822502,6.340485,0.020625,6.211547,0.040345,7.087792,0.048916
54,6.392733,0.019302,211.665000,1.764617,55.270000,1.401698,33.065000,1.332606,197.960000,2.034893,6.345458,0.022291,6.233595,0.036563,7.035466,0.049048
55,6.399583,0.018488,213.560000,1.706577,54.135000,1.335471,32.305000,1.198536,196.860000,2.097178,6.357262,0.021892,6.226017,0.037647,7.010608,0.048711
56,6.401233,0.019921,213.075000,1.583738,54.225000,1.432669,32.700000,1.261303,195.760000,1.954488,6.347933,0.022778,6.264221,0.033658,7.036906,0.051930
57,6.383883,0.020987,212.570000,1.732558,54.385000,1.390079,33.045000,1.258415,198.210000,1.735457,6.338540,0.022891,6.195058,0.039243,7.052440,0.049974
58,6.393067,0.018640,212.275000,1.765473,54.645000,1.286226,33.080000,1.271240,196.175000,1.786857,6.351123,0.021082,6.199165,0.038311,7.038006,0.048293
59,6.385783,0.017495,212.280000,1.602653,54.870000,1.246083,32.850000,1.183099,197.660000,1.971903,6.337140,0.021745,6.223075,0.034498,7.009217,0.047333
60,6.381717,0.018083,213.780000,1.649254,53.805000,1.419148,32.415000,1.178155,197.410000,1.892105,6.318912,0.021717,6.228154,0.035584,7.105117,0.046546
61,6.407983,0.018745,213.230000,1.715944,53.955000,1.411004,32.815000,1.309517,196.925000,2.076684,6.366925,0.021918,6.220888,0.037486,7.022952,0.051431
62,6.400433,0.018354,212.740000,1.693723,54.445000,1.395970,32.815000,1.324906,196.740000,1.947513,6.347078,0.021106,6.243032,0.036297,7.070427,0.050654
63,6.394583,0.018526,214.115000,1.709658,53.595000,1.273344,32.290000,1.288977,197.275000,1.880733,6.343328,0.022266,6.221711,0.039025,7.066329,0.046757
64,6.383183,0.018689,213.515000,1.756651,53.605000,1.431892,32.880000,1.216708,197.300000,1.858173,6.339773,0.020836,6.192087,0.042434,7.047204,0.053581
65,6.391783,0.019650,213.605000,1.593759,54.325000,1.295650,32.070000,1.178583,196.480000,1.984760,6.342657,0.023548,6.202598,0.036720,7.095890,0.050290
66,6.396700,0.017595,213.245000,1.725244,53.910000,1.359078,32.845000,1.283988,197.115000,2.001961,6.355993,0.019912,6.196441,0.040772,7.034510,0.047469
67,6.379433,0.019096,212.055000,1.768055,54.865000,1.426812,33.080000,1.263395,199.000000,1.883352,6.336826,0.022391,6.198080,0.038850,7.000079,0.053239
68,6.400883,0.020067,212.545000,1.702905,54.260000,1.283322,33.195000,1.262198,197.440000,1.901542,6.366398,0.023534,6.210013,0.035996,7.000491,0.050719
69,6.391400,0.017838,213.905000,1.654363,52.595000,1.329925,33.500000,1.295953,197.920000,1.727473,6.338282,0.020193,6.246772,0.035093,7.029773,0.046330
70,6.379750,0.017921,212.125000,1.721012,54.520000,1.287656,33.355000,1.273860,197.590000,1.826063,6.333752,0.022365,6.204882,0.035605,7.023227,0.052544
71,6.390900,0.019385,212.845000,1.715797,54.145000,1.235354,33.010000,1.336794,197.345000,1.861681,6.347575,0.022193,6.219497,0.040563,7.022682,0.054002
72,6.401000,0.020363,212.715000,1.550505,53.845000,1.309593,33.440000,1.223597,196.145000,2.000428,6.356085,0.022817,6.221583,0.037154,7.021793,0.050541
73,6.404883,0.020267,213.190000,1.683271,53.470000,1.438953,33.340000,1.240659,197.715000,1.999799,6.354937,0.022151,6.247755,0.039301,7.021191,0.048596
74,6.391083,0.020045,213.570000,1.609765,53.875000,1.348079,32.555000,1.236393,197.000000,2.041861,6.354279,0.021920,6.194260,0.039584,7.031307,0.049629
75,6.393883,0.020232,212.765000,1.648482,54.670000,1.234628,32.565000,1.345831,197.595000,2.011672,6.349369,0.023037,6.199430,0.036167,7.066050,0.052620
76,6.396833,0.020171,213.080000,1.799127,53.790000,1.375905,33.130000,1.330158,197.825000,1.825389,6.350266,0.022557,6.219876,0.037976,7.045755,0.051906
77,6.411750,0.018158,213.285000,1.772863,53.875000,1.458741,32.840000,1.284840,195.530000,1.874357,6.363972,0.021233,6.249092,0.039239,7.052272,0.051252
78,6.389200,0.019227,213.515000,1.712975,52.630000,1.266825,33.855000,1.396779,196.595000,2.068635,6.340082,0.023083,6.236034,0.038888,7.011788,0.051656
79,6.400283,0.019028,212.280000,1.703096,54.395000,1.334981,33.325000,1.289976,196.950000,1.914599,6.359721,0.021403,6.190744,0.035243,7.049091,0.052003
80,6.398817,0.019288,211.855000,1.617833,54.600000,1.371437,33.545000,1.207570,195.455000,1.892799,6.356725,0.022457,6.213050,0.040144,7.034859,0.048090
81,6.391100,0.018887,213.830000,1.666253,53.340000,1.360232,32.830000,1.282485,197.020000,1.926620,6.341183,0.021775,6.221866,0.035186,7.050086,0.047713
82,6.391383,0.019491,212.995000,1.643528,54.205000,1.249949,32.800000,1.297144,197.810000,1.870980,6.343598,0.023172,6.234812,0.038110,7.022715,0.049124
83,6.372967,0.020982,214.105000,1.611317,53.215000,1.331867,32.680000,1.275742,198.690000,1.833354,6.318957,0.023804,6.216619,0.036912,7.044287,0.050922
84,6.394933,0.019003,213.035000,1.633743,54.265000,1.320410,32.700000,1.260691,196.795000,1.891039,6.348748,0.023000,6.231954,0.040198,7.031759,0.048407
85,6.390433,0.019582,213.475000,1.869821,54.270000,1.424716,32.255000,1.242879,197.255000,1.983108,6.339245,0.023845,6.219266,0.037917,7.057604,0.050382
86,6.364033,0.019896,214.050000,1.510801,54.020000,1.304635,31.930000,1.183569,199.855000,1.746314,6.314782,0.023886,6.192211,0.037251,7.031561,0.049196
87,6.405750,0.018251,212.750000,1.694550,54.330000,1.303314,32.920000,1.252191,196.285000,1.813556,6.368059,0.022036,6.215144,0.037637,7.010831,0.048888
88,6.392583,0.019538,213.095000,1.832469,54.115000,1.478866,32.790000,1.257823,197.205000,1.828552,6.345481,0.022439,6.233404,0.036412,7.025939,0.049684
89,6.396317,0.018071,213.300000,1.758245,53.635000,1.334784,33.065000,1.237671,198.555000,1.891263,6.355519,0.020164,6.203506,0.037644,7.026283,0.049601
90,6.394467,0.020003,213.995000,1.658844,53.425000,1.345176,32.580000,1.164897,197.615000,1.994352,6.358652,0.022296,6.192979,0.039611,7.019223,0.047422
91,6.391033,0.019391,212.170000,1.608722,55.110000,1.247900,32.720000,1.157232,197.510000,1.852033,6.347636,0.022358,6.214897,0.035599,7.018507,0.051547
92,6.399217,0.016705,213.320000,1.744454,53.130000,1.277296,33.550000,1.329464,195.770000,1.688042,6.349410,0.020528,6.253024,0.039319,7.020900,0.054478
93,6.371383,0.018626,213.605000,1.735252,53.665000,1.381834,32.730000,1.192684,199.225000,2.024554,6.327054,0.023311,6.186683,0.036915,7.023965,0.051354
94,6.389133,0.018890,213.210000,1.627184,53.590000,1.232287,33.200000,1.230626,198.635000,1.938817,6.342205,0.022236,6.233731,0.036035,6.994143,0.052486
95,6.398750,0.018393,212.390000,1.820112,54.460000,1.458205,33.150000,1.152685,196.290000,1.795595,6.354941,0.021369,6.234828,0.041063,7.017643,0.049242
96,6.393300,0.018639,213.140000,1.545121,53.110000,1.275366,33.750000,1.082468,197.260000,1.892209,6.343533,0.023194,6.225557,0.036904,7.006487,0.046745
97,6.405367,0.019628,212.825000,1.750126,53.500000,1.399858,33.675000,1.241398,195.935000,1.872614,6.362229,0.022524,6.214025,0.039590,7.031107,0.045217
98,6.413467,0.019249,213.340000,1.624920,53.010000,1.318326,33.650000,1.210121,195.680000,1.959939,6.363662,0.022576,6.263677,0.040195,7.020422,0.050555
99,6.402583,0.018685,212.565000,1.580787,54.090000,1.312985,33.345000,1.216076,197.265000,1.878193,6.358370,0.021656,6.196148,0.038397,7.056754,0.050422
100,6.416967,0.017810,213.785000,1.744737,53.010000,1.349084,33.205000,1.263467,194.370000,1.992398,6.367712,0.021229,6.247574,0.036895,7.053994,0.047080
