iteration,seed,avg_utility,avg_utility_mainstream,avg_utility_extremist,norm_utility_mainstream,norm_utility_extremist,total_relocations,avg_relocations_per_community,settling_time_90pct
0,42,6.361381,6.143218,10.506478,0.614322,0.875540,31654,35.171111,100
1,43,6.430000,6.213266,10.547953,0.621327,0.878996,33782,37.535556,100
2,44,6.447778,6.349013,8.324307,0.634901,0.693692,32255,35.838889,100
3,45,6.367111,6.164700,10.212929,0.616470,0.851077,32437,36.041111,100
4,46,6.184444,5.980593,10.057613,0.598059,0.838134,32596,36.217778,100
5,47,6.251111,6.116129,8.815771,0.611613,0.734648,31673,35.192222,100
6,48,6.237778,6.066580,9.490538,0.606658,0.790878,33069,36.743333,100
7,49,6.177628,5.982731,9.880673,0.598273,0.823389,32362,35.957778,100
8,50,6.084444,5.935524,8.913935,0.593552,0.742828,30975,34.416667,100
9,51,6.235556,6.044167,9.871936,0.604417,0.822661,32313,35.903333,100
10,52,6.206667,6.012713,9.891779,0.601271,0.824315,32043,35.603333,100
11,53,6.393333,6.239128,9.323228,0.623913,0.776936,33212,36.902222,100
12,54,6.316667,6.084122,10.735018,0.608412,0.894585,32518,36.131111,100
13,55,6.348889,6.113840,10.814815,0.611384,0.901235,32723,36.358889,100
14,56,6.315414,6.135407,9.735535,0.613541,0.811295,32427,36.030000,100
15,57,6.183333,6.092970,7.900228,0.609297,0.658352,34014,37.793333,100
16,58,6.251111,6.050421,10.064230,0.605042,0.838686,32616,36.240000,100
17,59,6.200000,5.999397,10.011450,0.599940,0.834288,31992,35.546667,100
18,60,6.196547,6.025782,9.441068,0.602578,0.786756,32743,36.381111,100
19,61,6.292222,6.114749,9.664209,0.611475,0.805351,31928,35.475556,100
20,62,6.451145,6.217110,10.897806,0.621711,0.908151,32119,35.687778,100
21,63,6.326667,6.164992,9.398486,0.616499,0.783207,31520,35.022222,100
22,64,6.265168,6.073525,9.906378,0.607353,0.825531,31939,35.487778,100
23,65,6.263333,6.085800,9.636472,0.608580,0.803039,33868,37.631111,100
24,66,6.237778,6.001662,10.723986,0.600166,0.893666,33784,37.537778,100
25,67,6.125556,5.986960,8.758872,0.598696,0.729906,33019,36.687778,100
26,68,6.118889,5.966001,9.023763,0.596600,0.751980,34321,38.134444,100
27,69,6.369181,6.083451,11.798057,0.608345,0.983171,32269,35.854444,100
28,70,6.341924,6.127352,10.418786,0.612735,0.868232,31932,35.480000,100
29,71,6.228456,6.064238,9.348610,0.606424,0.779051,32117,35.685556,100
30,72,6.457778,6.250672,10.392793,0.625067,0.866066,31954,35.504444,100
31,73,6.407778,6.302135,8.414997,0.630213,0.701250,31664,35.182222,100
32,74,6.281111,6.025778,11.132432,0.602578,0.927703,31502,35.002222,100
33,75,6.223333,6.022352,10.041986,0.602235,0.836832,30966,34.406667,100
34,76,6.297778,6.104877,9.962885,0.610488,0.830240,32067,35.630000,100
35,77,6.444444,6.238135,10.364316,0.623814,0.863693,32128,35.697778,100
36,78,6.206716,6.032839,9.510378,0.603284,0.792531,32023,35.581111,100
37,79,6.258889,6.060764,10.023256,0.606076,0.835271,31699,35.221111,100
38,80,6.343434,6.176650,9.512346,0.617665,0.792695,31322,34.802222,100
39,81,6.230591,5.989151,10.817944,0.598915,0.901495,32173,35.747778,100
40,82,6.326667,6.108991,10.462499,0.610899,0.871875,32963,36.625556,100
41,83,6.307765,6.093328,10.382074,0.609333,0.865173,31916,35.462222,100
42,84,6.221111,6.071664,9.060606,0.607166,0.755051,31999,35.554444,100
43,85,6.231111,6.085102,9.005275,0.608510,0.750440,33421,37.134444,100
44,86,6.291830,6.111315,9.721618,0.611131,0.810135,33260,36.955556,100
45,87,6.199770,6.073389,8.601020,0.607339,0.716752,31284,34.760000,100
46,88,6.258541,6.098948,9.290813,0.609895,0.774234,32786,36.428889,100
47,89,6.385354,6.167794,10.518994,0.616779,0.876583,31257,34.730000,100
48,90,6.343247,6.156530,9.890865,0.615653,0.824239,32275,35.861111,100
49,91,6.340000,6.190940,9.172134,0.619094,0.764345,31774,35.304444,100
50,92,6.207383,6.043912,9.313331,0.604391,0.776111,31081,34.534444,100
51,93,6.263333,6.079566,9.754922,0.607957,0.812910,32193,35.770000,100
52,94,6.310332,6.070676,10.863783,0.607068,0.905315,31555,35.061111,100
53,95,6.354817,6.207837,9.147443,0.620784,0.762287,32966,36.628889,100
54,96,6.104444,5.938079,9.265378,0.593808,0.772115,30083,33.425556,100
55,97,6.203072,6.040998,9.282474,0.604100,0.773540,32907,36.563333,100
56,98,6.530000,6.379103,9.397042,0.637910,0.783087,31881,35.423333,100
57,99,6.126667,5.908487,10.272080,0.590849,0.856007,33790,37.544444,100
58,100,6.289837,6.123435,9.451476,0.612344,0.787623,33146,36.828889,100
59,101,6.313333,6.183321,8.783565,0.618332,0.731964,32514,36.126667,100
60,102,6.380494,6.189761,10.004417,0.618976,0.833701,32799,36.443333,100
61,103,6.211111,6.053118,9.212989,0.605312,0.767749,32770,36.411111,100
62,104,6.351111,6.137215,10.415141,0.613721,0.867928,31658,35.175556,100
63,105,6.213333,6.053021,9.259259,0.605302,0.771605,32042,35.602222,100
64,106,6.393333,6.172362,10.591783,0.617236,0.882649,31029,34.476667,100
65,107,6.174444,5.950241,10.434308,0.595024,0.869526,32570,36.188889,100
66,108,6.335611,6.068625,11.408353,0.606862,0.950696,32531,36.145556,100
67,109,6.246645,6.031910,10.326600,0.603191,0.860550,32101,35.667778,100
68,110,5.923688,5.740996,9.394836,0.574100,0.782903,33053,36.725556,100
69,111,6.225026,6.073709,9.100061,0.607371,0.758338,32485,36.094444,100
70,112,6.463333,6.266974,10.194160,0.626697,0.849513,30888,34.320000,100
71,113,6.208946,6.047432,9.277724,0.604743,0.773144,33323,37.025556,100
72,114,6.005556,5.808366,9.752160,0.580837,0.812680,32915,36.572222,100
73,115,6.315708,6.130204,9.840276,0.613020,0.820023,31560,35.066667,100
74,116,6.271111,6.104791,9.431185,0.610479,0.785932,31840,35.377778,100
75,117,6.037778,5.870027,9.225034,0.587003,0.768753,31379,34.865556,100
76,118,6.356944,6.179844,9.721845,0.617984,0.810154,32757,36.396667,100
77,119,6.311111,6.131612,9.721597,0.613161,0.810133,33356,37.062222,100
78,120,6.252222,6.031732,10.441543,0.603173,0.870129,32793,36.436667,100
79,121,6.246218,6.064283,9.702996,0.606428,0.808583,32434,36.037778,100
80,122,6.197778,5.980351,10.328884,0.598035,0.860740,32612,36.235556,100
81,123,6.116038,5.956989,9.137962,0.595699,0.761497,31961,35.512222,100
82,124,6.213333,6.005672,10.158892,0.600567,0.846574,33206,36.895556,100
83,125,6.238073,6.052440,9.765091,0.605244,0.813758,31928,35.475556,100
84,126,6.310000,6.134275,9.648772,0.613428,0.804064,32694,36.326667,100
85,127,6.128889,5.912600,10.238384,0.591260,0.853199,32867,36.518889,100
86,128,6.177778,6.004628,9.467628,0.600463,0.788969,33172,36.857778,100
87,129,6.266667,6.066768,10.064747,0.606677,0.838729,32550,36.166667,100
88,130,6.377778,6.269012,8.444321,0.626901,0.703693,32039,35.598889,100
89,131,6.213333,5.999784,10.270774,0.599978,0.855898,31969,35.521111,100
90,132,6.443914,6.301397,9.151733,0.630140,0.762644,31984,35.537778,100
91,133,6.285663,6.173516,8.416463,0.617352,0.701372,31509,35.010000,100
92,134,6.362622,6.143638,10.523313,0.614364,0.876943,32309,35.898889,100
93,135,6.371111,6.187007,9.869091,0.618701,0.822424,32240,35.822222,100
94,136,6.021111,5.850348,9.265603,0.585035,0.772134,32768,36.408889,100
95,137,6.094444,5.894189,9.899299,0.589419,0.824942,32136,35.706667,100
96,138,6.217778,6.023923,9.901011,0.602392,0.825084,30891,34.323333,100
97,139,6.312973,6.118735,10.003492,0.611874,0.833624,32586,36.206667,100
98,140,6.121111,5.931351,9.726559,0.593135,0.810547,32452,36.057778,100
99,141,6.504444,6.313173,10.138598,0.631317,0.844883,32670,36.300000,100
100,142,6.120000,5.917740,9.962949,0.591774,0.830246,32717,36.352222,100
101,143,6.435556,6.251560,9.931479,0.625156,0.827623,31408,34.897778,100
102,144,6.117600,5.945785,9.382079,0.594579,0.781840,33143,36.825556,100
103,145,6.216667,6.071834,8.968494,0.607183,0.747374,32456,36.062222,100
104,146,6.243333,6.020322,10.480547,0.602032,0.873379,32278,35.864444,100
105,147,6.155556,6.024804,8.639838,0.602480,0.719987,32571,36.190000,100
106,148,6.277778,6.097681,9.699622,0.609768,0.808302,32873,36.525556,100
107,149,6.313333,6.153533,9.349532,0.615353,0.779128,31653,35.170000,100
108,150,6.403333,6.203055,10.208623,0.620305,0.850719,32173,35.747778,100
109,151,6.322222,6.129958,9.975234,0.612996,0.831270,31829,35.365556,100
110,152,6.372222,6.181868,9.988945,0.618187,0.832412,32683,36.314444,100
111,153,6.438889,6.233559,10.340148,0.623356,0.861679,31305,34.783333,100
112,154,6.345195,6.200912,9.086565,0.620091,0.757214,32941,36.601111,100
113,155,6.167778,5.963229,10.054201,0.596323,0.837850,33089,36.765556,100
114,156,6.485556,6.284795,10.300014,0.628479,0.858334,32194,35.771111,100
115,157,5.959744,5.793149,9.125048,0.579315,0.760421,31878,35.420000,100
116,158,6.206667,6.013462,9.877552,0.601346,0.823129,32432,36.035556,100
117,159,6.167778,5.996933,9.413832,0.599693,0.784486,32455,36.061111,100
118,160,6.152222,6.041233,8.261025,0.604123,0.688419,32464,36.071111,100
119,161,6.110000,5.899916,10.101587,0.589992,0.841799,33647,37.385556,100
120,162,6.227778,6.068343,9.257044,0.606834,0.771420,32319,35.910000,100
121,163,6.243801,6.141371,8.189977,0.614137,0.682498,31418,34.908889,100
122,164,6.353333,6.173033,9.779037,0.617303,0.814920,32688,36.320000,100
123,165,6.482222,6.288621,10.160639,0.628862,0.846720,32779,36.421111,100
124,166,6.303333,6.133702,9.526321,0.613370,0.793860,31867,35.407778,100
125,167,6.311111,6.140116,9.560011,0.614012,0.796668,33712,37.457778,100
126,168,6.281111,6.091002,9.893182,0.609100,0.824432,32199,35.776667,100
127,169,6.193162,6.106810,7.833844,0.610681,0.652820,32580,36.200000,100
128,170,6.098889,5.977923,8.397249,0.597792,0.699771,33622,37.357778,100
129,171,6.144678,5.984699,9.184289,0.598470,0.765357,31594,35.104444,100
130,172,6.356352,6.226304,8.827276,0.622630,0.735606,32281,35.867778,100
131,173,6.143333,5.982869,9.192160,0.598287,0.766013,32239,35.821111,100
132,174,6.168366,5.954678,10.228444,0.595468,0.852370,32131,35.701111,100
133,175,6.191111,6.061472,8.654264,0.606147,0.721189,31846,35.384444,100
134,176,6.211609,6.023829,9.779429,0.602383,0.814952,32763,36.403333,100
135,177,6.144203,5.922621,10.354252,0.592262,0.862854,33139,36.821111,100
136,178,6.031111,5.914220,8.252048,0.591422,0.687671,32129,35.698889,100
137,179,6.458889,6.243060,10.559647,0.624306,0.879971,31845,35.383333,100
138,180,6.017778,5.843829,9.322805,0.584383,0.776900,31392,34.880000,100
139,181,5.938894,5.767047,9.203999,0.576705,0.767000,31987,35.541111,100
140,182,6.414444,6.221233,10.085470,0.622123,0.840456,32577,36.196667,100
141,183,6.100000,5.939787,9.144044,0.593979,0.762004,32371,35.967778,100
142,184,6.368313,6.139732,10.711351,0.613973,0.892613,32747,36.385556,100
143,185,6.480000,6.275902,10.357869,0.627590,0.863156,31922,35.468889,100
144,186,6.048095,5.830724,10.178152,0.583072,0.848179,32290,35.877778,100
145,187,6.088889,5.947232,8.780379,0.594723,0.731698,33077,36.752222,100
146,188,6.246334,6.043627,10.097779,0.604363,0.841482,32351,35.945556,100
147,189,6.377386,6.235706,9.069320,0.623571,0.755777,31959,35.510000,100
148,190,6.062222,5.917468,8.812549,0.591747,0.734379,32158,35.731111,100
149,191,6.214444,6.054035,9.262222,0.605404,0.771852,32834,36.482222,100
150,192,5.953639,5.761996,9.594862,0.576200,0.799572,31151,34.612222,100
151,193,6.390000,6.219222,9.634786,0.621922,0.802899,33338,37.042222,100
152,194,6.152222,6.030046,8.473571,0.603005,0.706131,31519,35.021111,100
153,195,6.322222,6.128595,10.001141,0.612859,0.833428,31833,35.370000,100
154,196,6.323333,6.165191,9.328042,0.616519,0.777337,31993,35.547778,100
155,197,6.294870,6.065507,10.652754,0.606551,0.887729,32959,36.621111,100
156,198,6.234444,6.032321,10.074797,0.603232,0.839566,32405,36.005556,100
157,199,6.434444,6.284780,9.278077,0.628478,0.773173,32850,36.500000,100
158,200,6.306667,6.076622,10.677515,0.607662,0.889793,31601,35.112222,100
159,201,6.287351,6.034567,11.090235,0.603457,0.924186,31961,35.512222,100
160,202,6.246667,6.031564,10.333624,0.603156,0.861135,33168,36.853333,100
161,203,6.450000,6.260729,10.046154,0.626073,0.837179,32307,35.896667,100
162,204,6.387899,6.150784,10.893083,0.615078,0.907757,32624,36.248889,100
163,205,6.356667,6.158671,10.118590,0.615867,0.843216,31494,34.993333,100
164,206,6.126667,5.869565,11.011595,0.586957,0.917633,32385,35.983333,100
165,207,6.214444,6.036087,9.603233,0.603609,0.800269,31966,35.517778,100
166,208,6.299349,6.140021,9.326570,0.614002,0.777214,31406,34.895556,100
167,209,6.298889,6.137884,9.357978,0.613788,0.779832,32607,36.230000,100
168,210,6.266667,6.041089,10.552640,0.604109,0.879387,31722,35.246667,100
169,211,6.317778,6.106136,10.338963,0.610614,0.861580,33428,37.142222,100
170,212,6.361111,6.139084,10.579632,0.613908,0.881636,32350,35.944444,100
171,213,6.331092,6.121696,10.309614,0.612170,0.859134,32542,36.157778,100
172,214,6.273606,6.086424,9.830065,0.608642,0.819172,31711,35.234444,100
173,215,6.514444,6.277550,11.015437,0.627755,0.917953,32608,36.231111,100
174,216,6.247037,6.053330,9.927474,0.605333,0.827289,31660,35.177778,100
175,217,6.261465,6.032012,10.621071,0.603201,0.885089,32519,36.132222,100
176,218,6.382222,6.180944,10.206517,0.618094,0.850543,33107,36.785556,100
177,219,6.438889,6.194678,11.078889,0.619468,0.923241,32599,36.221111,100
178,220,6.428889,6.217201,10.450968,0.621720,0.870914,32208,35.786667,100
179,221,6.343592,6.178768,9.475256,0.617877,0.789605,32549,36.165556,100
180,222,6.354368,6.160246,10.042683,0.616025,0.836890,32593,36.214444,100
181,223,6.407778,6.208817,10.188029,0.620882,0.849002,32002,35.557778,100
182,224,6.017386,5.882628,8.577778,0.588263,0.714815,32448,36.053333,100
183,225,6.082936,5.934985,8.893997,0.593499,0.741166,30658,34.064444,100
184,226,6.200000,6.085542,8.374700,0.608554,0.697892,32162,35.735556,100
185,227,6.386281,6.226766,9.417059,0.622677,0.784755,32254,35.837778,100
186,228,6.198889,6.064031,8.761180,0.606403,0.730098,32648,36.275556,100
187,229,6.063911,5.919665,8.804570,0.591967,0.733714,33186,36.873333,100
188,230,6.537778,6.326483,10.552378,0.632648,0.879365,32026,35.584444,100
189,231,5.934236,5.722091,9.964990,0.572209,0.830416,32934,36.593333,100
190,232,6.202222,5.993494,10.168056,0.599349,0.847338,32306,35.895556,100
191,233,6.215556,6.002901,10.255996,0.600290,0.854666,32440,36.044444,100
192,234,6.373238,6.266500,8.401270,0.626650,0.700106,33026,36.695556,100
193,235,6.112042,5.857614,10.946166,0.585761,0.912180,33635,37.372222,100
194,236,6.340657,6.147867,10.003657,0.614787,0.833638,31174,34.637778,100
195,237,6.114444,5.966381,8.927642,0.596638,0.743970,32631,36.256667,100
196,238,6.332222,6.111198,10.531676,0.611120,0.877640,33378,37.086667,100
197,239,6.386667,6.211318,9.718291,0.621132,0.809858,32561,36.178889,100
198,240,6.274444,6.088212,9.812858,0.608821,0.817738,32842,36.491111,100
199,241,6.236667,6.034583,10.076254,0.603458,0.839688,31493,34.992222,100
