step,avg_utility_mean,avg_utility_ci,community_count_algorithmic_mean,community_count_algorithmic_ci,n_relocations_mean,n_relocations_ci,utility_algorithmic_mean,utility_algorithmic_ci
1,6.281500,0.010989,300.000000,0.000000,244.290000,0.933966,6.281500,0.010989
2,6.465333,0.017166,300.000000,0.000000,237.940000,1.498992,6.465333,0.017166
3,6.469767,0.015736,300.000000,0.000000,237.655000,1.355195,6.469767,0.015736
4,6.474017,0.017931,300.000000,0.000000,236.765000,1.551973,6.474017,0.017931
5,6.475117,0.016257,300.000000,0.000000,236.870000,1.380927,6.475117,0.016257
6,6.486933,0.016964,300.000000,0.000000,236.885000,1.418977,6.486933,0.016964
7,6.482750,0.016591,300.000000,0.000000,237.750000,1.444633,6.482750,0.016591
8,6.490100,0.017107,300.000000,0.000000,236.255000,1.498371,6.490100,0.017107
9,6.503750,0.017906,300.000000,0.000000,235.635000,1.585762,6.503750,0.017906
10,6.488283,0.017049,300.000000,0.000000,235.890000,1.513867,6.488283,0.017049
11,6.472567,0.015523,300.000000,0.000000,237.660000,1.399474,6.472567,0.015523
12,6.476167,0.016206,300.000000,0.000000,237.510000,1.341551,6.476167,0.016206
13,6.493200,0.017730,300.000000,0.000000,237.460000,1.506904,6.493200,0.017730
14,6.457233,0.016677,300.000000,0.000000,239.185000,1.283310,6.457233,0.016677
15,6.492700,0.017838,300.000000,0.000000,236.455000,1.388698,6.492700,0.017838
16,6.480267,0.016917,300.000000,0.000000,236.980000,1.556196,6.480267,0.016917
17,6.467917,0.017319,300.000000,0.000000,237.885000,1.438501,6.467917,0.017319
18,6.474783,0.017285,300.000000,0.000000,237.130000,1.498520,6.474783,0.017285
19,6.485900,0.017926,300.000000,0.000000,236.205000,1.403734,6.485900,0.017926
20,6.485883,0.017206,300.000000,0.000000,237.650000,1.429115,6.485883,0.017206
21,6.486500,0.016421,300.000000,0.000000,236.835000,1.481122,6.486500,0.016421
22,6.483167,0.017759,300.000000,0.000000,237.000000,1.405981,6.483167,0.017759
23,6.481383,0.016794,300.000000,0.000000,236.540000,1.497459,6.481383,0.016794
24,6.484733,0.015797,300.000000,0.000000,236.740000,1.436894,6.484733,0.015797
25,6.489933,0.017266,300.000000,0.000000,236.465000,1.523723,6.489933,0.017266
26,6.480517,0.017261,300.000000,0.000000,237.220000,1.563880,6.480517,0.017261
27,6.472050,0.016069,300.000000,0.000000,237.570000,1.358177,6.472050,0.016069
28,6.486267,0.017308,300.000000,0.000000,236.915000,1.502667,6.486267,0.017308
29,6.474917,0.016517,300.000000,0.000000,238.185000,1.359780,6.474917,0.016517
30,6.484983,0.017059,300.000000,0.000000,237.480000,1.400338,6.484983,0.017059
31,6.464900,0.016793,300.000000,0.000000,237.625000,1.302375,6.464900,0.016793
32,6.477500,0.018488,300.000000,0.000000,237.685000,1.520152,6.477500,0.018488
33,6.469117,0.017047,300.000000,0.000000,237.010000,1.404194,6.469117,0.017047
34,6.474817,0.016172,300.000000,0.000000,236.780000,1.496641,6.474817,0.016172
35,6.503567,0.017044,300.000000,0.000000,235.420000,1.511095,6.503567,0.017044
36,6.468033,0.016212,300.000000,0.000000,237.680000,1.418677,6.468033,0.016212
37,6.467683,0.016011,300.000000,0.000000,238.180000,1.488143,6.467683,0.016011
38,6.474433,0.015645,300.000000,0.000000,237.885000,1.396902,6.474433,0.015645
39,6.468733,0.016169,300.000000,0.000000,236.830000,1.424472,6.468733,0.016169
40,6.474183,0.017870,300.000000,0.000000,237.055000,1.446932,6.474183,0.017870
41,6.496700,0.017720,300.000000,0.000000,236.330000,1.508394,6.496700,0.017720
42,6.488183,0.017422,300.000000,0.000000,236.905000,1.486899,6.488183,0.017422
43,6.484483,0.015815,300.000000,0.000000,237.170000,1.399452,6.484483,0.015815
44,6.463400,0.017093,300.000000,0.000000,238.510000,1.436945,6.463400,0.017093
45,6.470250,0.017725,300.000000,0.000000,238.050000,1.378440,6.470250,0.017725
46,6.478467,0.015869,300.000000,0.000000,237.635000,1.331744,6.478467,0.015869
47,6.478333,0.016326,300.000000,0.000000,236.995000,1.372668,6.478333,0.016326
48,6.481400,0.017048,300.000000,0.000000,236.705000,1.500933,6.481400,0.017048
49,6.466033,0.017603,300.000000,0.000000,237.925000,1.379713,6.466033,0.017603
50,6.480600,0.015931,300.000000,0.000000,237.100000,1.391767,6.480600,0.015931
51,6.476267,0.017143,300.000000,0.000000,238.970000,1.440227,6.476267,0.017143
52,6.483633,0.017934,300.000000,0.000000,236.525000,1.470341,6.483633,0.017934
53,6.487733,0.016625,300.000000,0.000000,237.045000,1.449139,6.487733,0.016625
54,6.476783,0.016324,300.000000,0.000000,237.725000,1.291247,6.476783,0.016324
55,6.484350,0.016169,300.000000,0.000000,237.000000,1.488158,6.484350,0.016169
56,6.476050,0.016589,300.000000,0.000000,237.065000,1.385656,6.476050,0.016589
57,6.487167,0.016142,300.000000,0.000000,236.780000,1.329276,6.487167,0.016142
58,6.487383,0.016749,300.000000,0.000000,237.550000,1.448836,6.487383,0.016749
59,6.475583,0.016070,300.000000,0.000000,236.670000,1.469433,6.475583,0.016070
60,6.484433,0.015894,300.000000,0.000000,236.540000,1.267322,6.484433,0.015894
61,6.483117,0.017216,300.000000,0.000000,237.190000,1.307549,6.483117,0.017216
62,6.478050,0.016704,300.000000,0.000000,236.585000,1.392757,6.478050,0.016704
63,6.492400,0.017337,300.000000,0.000000,236.480000,1.495338,6.492400,0.017337
64,6.481517,0.016879,300.000000,0.000000,237.110000,1.512463,6.481517,0.016879
65,6.492067,0.016203,300.000000,0.000000,236.480000,1.346432,6.492067,0.016203
66,6.480767,0.017395,300.000000,0.000000,236.710000,1.483845,6.480767,0.017395
67,6.481000,0.017475,300.000000,0.000000,235.880000,1.571846,6.481000,0.017475
68,6.485400,0.017456,300.000000,0.000000,236.860000,1.504994,6.485400,0.017456
69,6.493383,0.016668,300.000000,0.000000,236.695000,1.453588,6.493383,0.016668
70,6.462433,0.016315,300.000000,0.000000,237.805000,1.338072,6.462433,0.016315
71,6.483667,0.016259,300.000000,0.000000,237.125000,1.426018,6.483667,0.016259
72,6.498483,0.015756,300.000000,0.000000,236.430000,1.461951,6.498483,0.015756
73,6.476933,0.015849,300.000000,0.000000,236.800000,1.446519,6.476933,0.015849
74,6.482000,0.015676,300.000000,0.000000,236.865000,1.349920,6.482000,0.015676
75,6.484817,0.015898,300.000000,0.000000,237.115000,1.452590,6.484817,0.015898
76,6.488417,0.016704,300.000000,0.000000,235.890000,1.436998,6.488417,0.016704
77,6.483600,0.017066,300.000000,0.000000,236.480000,1.451180,6.483600,0.017066
78,6.487117,0.017671,300.000000,0.000000,236.910000,1.512553,6.487117,0.017671
79,6.480467,0.016950,300.000000,0.000000,236.900000,1.417876,6.480467,0.016950
80,6.472050,0.016246,300.000000,0.000000,237.215000,1.301888,6.472050,0.016246
81,6.479883,0.017880,300.000000,0.000000,237.070000,1.455798,6.479883,0.017880
82,6.476200,0.016236,300.000000,0.000000,237.265000,1.406220,6.476200,0.016236
83,6.486883,0.016178,300.000000,0.000000,235.710000,1.479676,6.486883,0.016178
84,6.481517,0.016415,300.000000,0.000000,237.355000,1.427098,6.481517,0.016415
85,6.487567,0.017949,300.000000,0.000000,235.390000,1.458797,6.487567,0.017949
86,6.472683,0.017671,300.000000,0.000000,236.630000,1.410663,6.472683,0.017671
87,6.483967,0.017935,300.000000,0.000000,235.925000,1.482761,6.483967,0.017935
88,6.489583,0.017938,300.000000,0.000000,236.510000,1.467782,6.489583,0.017938
89,6.478833,0.016671,300.000000,0.000000,237.580000,1.447810,6.478833,0.016671
90,6.493217,0.016104,300.000000,0.000000,236.595000,1.434464,6.493217,0.016104
91,6.489250,0.016110,300.000000,0.000000,236.175000,1.421238,6.489250,0.016110
92,6.484617,0.017172,300.000000,0.000000,236.275000,1.392803,6.484617,0.017172
93,6.487867,0.016681,300.000000,0.000000,236.440000,1.539338,6.487867,0.016681
94,6.492250,0.017929,300.000000,0.000000,237.485000,1.466070,6.492250,0.017929
95,6.478017,0.017063,300.000000,0.000000,236.515000,1.379086,6.478017,0.017063
96,6.465750,0.016828,300.000000,0.000000,237.850000,1.465067,6.465750,0.016828
97,6.498033,0.015113,300.000000,0.000000,235.540000,1.301737,6.498033,0.015113
98,6.484083,0.016815,300.000000,0.000000,237.305000,1.390532,6.484083,0.016815
99,6.488383,0.015989,300.000000,0.000000,236.255000,1.379507,6.488383,0.015989
100,6.493000,0.017230,300.000000,0.000000,235.925000,1.438754,6.493000,0.017230
