step,avg_utility_mean,avg_utility_ci,community_count_direct_mean,community_count_direct_ci,n_relocations_mean,n_relocations_ci,utility_direct_mean,utility_direct_ci
1,4.991933,0.012382,300.000000,0.000000,248.030000,1.204698,4.991933,0.012382
2,4.986350,0.011488,300.000000,0.000000,169.890000,9.198671,4.986350,0.011488
3,5.940417,0.077532,300.000000,0.000000,167.200000,8.543137,5.940417,0.077532
4,5.150567,0.016709,300.000000,0.000000,148.255000,8.378644,5.150567,0.016709
5,6.048267,0.074935,300.000000,0.000000,151.920000,8.164506,6.048267,0.074935
6,5.198817,0.019416,300.000000,0.000000,145.595000,8.275271,5.198817,0.019416
7,6.057750,0.076120,300.000000,0.000000,150.175000,8.221410,6.057750,0.076120
8,5.221233,0.019726,300.000000,0.000000,145.395000,8.231647,5.221233,0.019726
9,6.051850,0.076592,300.000000,0.000000,148.465000,8.187616,6.051850,0.076592
10,5.242617,0.021027,300.000000,0.000000,143.615000,8.180797,5.242617,0.021027
11,6.054467,0.077185,300.000000,0.000000,148.090000,8.276940,6.054467,0.077185
12,5.248967,0.021444,300.000000,0.000000,146.045000,8.374095,5.248967,0.021444
13,6.035283,0.078349,300.000000,0.000000,148.815000,8.323431,6.035283,0.078349
14,5.260017,0.021713,300.000000,0.000000,144.920000,8.190721,5.260017,0.021713
15,6.033283,0.078465,300.000000,0.000000,147.755000,8.311495,6.033283,0.078465
16,5.273333,0.023652,300.000000,0.000000,145.765000,8.326700,5.273333,0.023652
17,6.025717,0.078887,300.000000,0.000000,148.205000,8.322402,6.025717,0.078887
18,5.280633,0.023967,300.000000,0.000000,143.410000,8.187313,5.280633,0.023967
19,6.031333,0.078706,300.000000,0.000000,147.500000,8.369676,6.031333,0.078706
20,5.285233,0.023878,300.000000,0.000000,143.550000,8.256876,5.285233,0.023878
21,6.031033,0.078979,300.000000,0.000000,146.115000,8.279913,6.031033,0.078979
22,5.293133,0.024764,300.000000,0.000000,144.330000,8.323142,5.293133,0.024764
23,6.025117,0.079638,300.000000,0.000000,146.115000,8.353621,6.025117,0.079638
24,5.299517,0.024301,300.000000,0.000000,144.265000,8.329962,5.299517,0.024301
25,6.012750,0.080864,300.000000,0.000000,147.315000,8.318739,6.012750,0.080864
26,5.299783,0.023671,300.000000,0.000000,147.990000,8.373262,5.299783,0.023671
27,5.982233,0.081623,300.000000,0.000000,149.620000,8.377095,5.982233,0.081623
28,5.307900,0.025426,300.000000,0.000000,144.790000,8.236344,5.307900,0.025426
29,6.002467,0.080344,300.000000,0.000000,146.075000,8.220301,6.002467,0.080344
30,5.312950,0.025739,300.000000,0.000000,144.415000,8.239949,5.312950,0.025739
31,5.996000,0.080818,300.000000,0.000000,148.410000,8.332589,5.996000,0.080818
32,5.309633,0.025046,300.000000,0.000000,146.620000,8.273993,5.309633,0.025046
33,5.991200,0.080333,300.000000,0.000000,148.930000,8.284194,5.991200,0.080333
34,5.315667,0.025014,300.000000,0.000000,148.870000,8.382678,5.315667,0.025014
35,5.971650,0.081732,300.000000,0.000000,151.575000,8.401117,5.971650,0.081732
36,5.315250,0.025794,300.000000,0.000000,148.830000,8.325090,5.315250,0.025794
37,5.965150,0.081339,300.000000,0.000000,150.695000,8.286450,5.965150,0.081339
38,5.326317,0.027314,300.000000,0.000000,148.650000,8.434534,5.326317,0.027314
39,5.960017,0.082737,300.000000,0.000000,149.475000,8.394733,5.960017,0.082737
40,5.332567,0.027271,300.000000,0.000000,148.230000,8.262601,5.332567,0.027271
41,5.954517,0.081426,300.000000,0.000000,151.025000,8.298500,5.954517,0.081426
42,5.333633,0.026879,300.000000,0.000000,150.200000,8.296995,5.333633,0.026879
43,5.942450,0.081569,300.000000,0.000000,151.915000,8.282274,5.942450,0.081569
44,5.334000,0.026273,300.000000,0.000000,149.800000,8.216238,5.334000,0.026273
45,5.937067,0.081572,300.000000,0.000000,150.635000,8.237148,5.937067,0.081572
46,5.344317,0.027215,300.000000,0.000000,148.760000,8.291121,5.344317,0.027215
47,5.934383,0.081872,300.000000,0.000000,152.105000,8.412002,5.934383,0.081872
48,5.342850,0.026535,300.000000,0.000000,150.390000,8.278743,5.342850,0.026535
49,5.928833,0.081551,300.000000,0.000000,152.735000,8.322868,5.928833,0.081551
50,5.338067,0.026837,300.000000,0.000000,149.110000,8.198230,5.338067,0.026837
51,5.929533,0.081799,300.000000,0.000000,150.880000,8.207723,5.929533,0.081799
52,5.345867,0.027018,300.000000,0.000000,150.775000,8.216736,5.345867,0.027018
53,5.922683,0.081031,300.000000,0.000000,151.785000,8.232421,5.922683,0.081031
54,5.349850,0.027665,300.000000,0.000000,148.660000,8.236284,5.349850,0.027665
55,5.928600,0.081216,300.000000,0.000000,149.955000,8.218097,5.928600,0.081216
56,5.358417,0.027949,300.000000,0.000000,148.440000,8.156621,5.358417,0.027949
57,5.925350,0.081257,300.000000,0.000000,152.130000,8.246799,5.925350,0.081257
58,5.350983,0.028354,300.000000,0.000000,152.700000,8.277136,5.350983,0.028354
59,5.904050,0.081443,300.000000,0.000000,152.840000,8.237924,5.904050,0.081443
60,5.361317,0.027932,300.000000,0.000000,153.540000,8.330905,5.361317,0.027932
61,5.893000,0.081887,300.000000,0.000000,154.235000,8.320646,5.893000,0.081887
62,5.363217,0.027573,300.000000,0.000000,151.500000,8.232363,5.363217,0.027573
63,5.892283,0.081933,300.000000,0.000000,155.225000,8.292461,5.892283,0.081933
64,5.355083,0.026616,300.000000,0.000000,154.715000,8.338925,5.355083,0.026616
65,5.878150,0.082193,300.000000,0.000000,155.015000,8.262365,5.878150,0.082193
66,5.368250,0.027241,300.000000,0.000000,153.800000,8.259602,5.368250,0.027241
67,5.875500,0.081937,300.000000,0.000000,155.640000,8.335077,5.875500,0.081937
68,5.369017,0.027535,300.000000,0.000000,154.520000,8.301507,5.369017,0.027535
69,5.870583,0.081998,300.000000,0.000000,155.780000,8.340311,5.870583,0.081998
70,5.371100,0.028024,300.000000,0.000000,155.790000,8.331458,5.371100,0.028024
71,5.865450,0.081844,300.000000,0.000000,157.275000,8.363238,5.865450,0.081844
72,5.372817,0.027675,300.000000,0.000000,155.120000,8.278122,5.372817,0.027675
73,5.858217,0.081977,300.000000,0.000000,156.505000,8.280797,5.858217,0.081977
74,5.372917,0.027895,300.000000,0.000000,155.550000,8.271394,5.372917,0.027895
75,5.855600,0.081969,300.000000,0.000000,158.370000,8.417415,5.855600,0.081969
76,5.370350,0.027963,300.000000,0.000000,156.640000,8.355422,5.370350,0.027963
77,5.854183,0.082552,300.000000,0.000000,156.830000,8.312489,5.854183,0.082552
78,5.374183,0.027954,300.000000,0.000000,155.495000,8.310095,5.374183,0.027954
79,5.856050,0.081999,300.000000,0.000000,155.030000,8.236172,5.856050,0.081999
80,5.386833,0.028978,300.000000,0.000000,155.675000,8.331775,5.386833,0.028978
81,5.850017,0.082528,300.000000,0.000000,157.525000,8.360167,5.850017,0.082528
82,5.375350,0.029169,300.000000,0.000000,156.725000,8.352209,5.375350,0.029169
83,5.847367,0.082309,300.000000,0.000000,157.430000,8.313724,5.847367,0.082309
84,5.379283,0.029099,300.000000,0.000000,158.585000,8.341666,5.379283,0.029099
85,5.831750,0.082013,300.000000,0.000000,159.515000,8.373999,5.831750,0.082013
86,5.379833,0.029180,300.000000,0.000000,157.075000,8.261903,5.379833,0.029180
87,5.836317,0.081542,300.000000,0.000000,157.865000,8.287132,5.836317,0.081542
88,5.390800,0.029442,300.000000,0.000000,158.200000,8.276588,5.390800,0.029442
89,5.826900,0.081227,300.000000,0.000000,159.065000,8.329227,5.826900,0.081227
90,5.391900,0.029798,300.000000,0.000000,155.890000,8.171932,5.391900,0.029798
91,5.833833,0.080908,300.000000,0.000000,156.915000,8.142575,5.833833,0.080908
92,5.397550,0.029219,300.000000,0.000000,154.610000,8.126735,5.397550,0.029219
93,5.840983,0.080996,300.000000,0.000000,155.320000,8.148666,5.840983,0.080996
94,5.402467,0.029912,300.000000,0.000000,153.850000,8.070360,5.402467,0.029912
95,5.836133,0.081115,300.000000,0.000000,157.725000,8.258923,5.836133,0.081115
96,5.393967,0.028655,300.000000,0.000000,157.810000,8.242586,5.393967,0.028655
97,5.826717,0.081255,300.000000,0.000000,159.335000,8.279984,5.826717,0.081255
98,5.396083,0.028471,300.000000,0.000000,158.890000,8.271417,5.396083,0.028471
99,5.814433,0.081422,300.000000,0.000000,159.775000,8.298465,5.814433,0.081422
100,5.397350,0.029385,300.000000,0.000000,157.685000,8.212684,5.397350,0.029385
