step,platform_901_homogeneity,platform_902_homogeneity,platform_903_homogeneity,platform_904_homogeneity,platform_905_homogeneity,platform_906_homogeneity,platform_907_homogeneity,platform_908_homogeneity,platform_909_homogeneity,platform_910_homogeneity,platform_911_homogeneity,platform_912_homogeneity,platform_913_homogeneity,platform_914_homogeneity,platform_915_homogeneity,platform_916_homogeneity,platform_917_homogeneity,platform_918_homogeneity,platform_919_homogeneity,platform_920_homogeneity,platform_921_homogeneity,platform_922_homogeneity,platform_923_homogeneity,platform_924_homogeneity,platform_925_homogeneity,platform_926_homogeneity,platform_927_homogeneity
0,0.8053436090421938,0.8093158153987031,0.7866474941180823,0.8383222288464224,0.8292027303777938,0.8155697146478535,0.8237157481377905,0.8203460152886694,0.8085708626885098,0.8061760977377223,0.8079090496512988,0.8045298931652738,0.8326928812501568,0.8224086780665727,0.8045355632845813,0.7789545027412675,0.8170188425677242,0.8324698997781875,0.7974169996228819,0.8413639184130989,0.8228494370731593,0.8226847071982819,0.8118189032341057,0.8195618773927598,0.8144781987117959,0.794050394050394,0.8343234283978228
1,0.8199213742107662,0.8030363407896477,0.7621070509011686,0.8379056832899336,0.7997708375573158,0.7622704670707305,0.8235301349865122,0.8085352642505048,0.8609443042337779,0.8549620897991824,0.8063458080507747,0.7690898466201235,0.8050007215007214,0.8399805782023275,0.8455678576617996,0.7888098244348244,0.7898109600056574,0.8023586501218081,0.7889026778732661,0.7878400729774885,0.7831977950238191,0.8224753307606367,0.8093934199788014,0.8303525525400526,0.8190253496503496,0.7702231480640571,0.8037712884052348
2,0.7778819618804489,0.8557613472386201,0.8209334868676479,0.8395665007507113,0.8381311783926858,0.8294874659172097,0.841367302778443,0.8422484922484923,0.8037269030419185,0.8334445463413718,0.824169794436523,0.8064637803147656,0.8407579827579826,0.8252606796542724,0.8491254780341064,0.795090902389664,0.8520607355683991,0.8092307958418937,0.8075849392025862,0.8230078664504894,0.8113381362421855,0.8164649239649241,0.832024638559635,0.8679809567128969,0.872446043223965,0.8057808865597916,0.8095244587906691
3,0.8390405935721947,0.8251024937733353,0.8356170278329222,0.8117664162518353,0.8023489610507542,0.8305512170400576,0.8531935438396384,0.8267316164636556,0.8200030824295529,0.8698174296231941,0.8079880892398605,0.8490445005534579,0.8421902321095869,0.8181368944236591,0.8567330230250131,0.8227072448105729,0.8355604757300776,0.8492000508290101,0.8538598074588787,0.8471850165799057,0.8699010441420036,0.8775346510369136,0.8513833994360699,0.8442329295947718,0.8621061811866171,0.8219781774987434,0.8596572216609549
4,0.8554240986162167,0.826273715209122,0.8362067776875961,0.8561380336404054,0.8331811217803041,0.843503528454336,0.8363745089154925,0.8567194723478145,0.8769408503561648,0.8611668434737135,0.8736108326575548,0.8471547207598247,0.8195319263744716,0.8611712897239213,0.8870212783825833,0.8253284857317116,0.8658836631120809,0.8473258866300377,0.8440516679512508,0.8840693459545919,0.8761274464033023,0.871238395804986,0.8607389760311839,0.857943535686236,0.8899234471257649,0.8430825972915222,0.8591214862001149
5,0.8363557719124945,0.8937994490859602,0.8314471235180617,0.8502697300926018,0.8441218846126868,0.8626018341381742,0.8577129466258026,0.8617255631342097,0.8884445646945648,0.8764532195697584,0.8795416424647791,0.8807899331061095,0.871152782909547,0.8682111088977786,0.8798957904712029,0.8457483493745105,0.8706233478180948,0.8585756563697741,0.881684924576801,0.8612848880187775,0.9035477093609103,0.8381216006216007,0.8563377523974788,0.8898839858398683,0.8557853758794458,0.8666662601306523,0.8403553908681618
6,0.8594686831097711,0.8762478096127658,0.8843787354352571,0.8852863266518728,0.8624543198459604,0.9061535373205086,0.8968431426022302,0.8899589311423616,0.8570153157919385,0.8883935578118819,0.8724072140890557,0.8712661554361756,0.8712405001847704,0.8906545565001448,0.8984846917695547,0.8803318750216218,0.8947577702874682,0.8901364958417384,0.8833958597116491,0.9043623766140642,0.8950725396964547,0.8518172852788237,0.8660831948849163,0.9106943495723949,0.8919254466624378,0.9099204410948007,0.8880048780974495
7,0.9067405828135747,0.8836377887958916,0.9189053343361911,0.8911232926887575,0.8844499867686867,0.9116373476251717,0.8827459358920303,0.8798035216656916,0.8975552796876326,0.8640362136393883,0.8983037791351419,0.8852933218742042,0.900647068730233,0.8846414441538281,0.8662862972138026,0.8622625635983479,0.9286490363877589,0.8981985561936147,0.904646491894944,0.892124590292382,0.8804130309188499,0.872569510261818,0.8907513488104921,0.9041349219866732,0.8930916305916305,0.89388378753352,0.8629627018364807
8,0.9023650952222381,0.9130341852383238,0.9086510795470487,0.8873001668898254,0.9093673284958183,0.92137058266956,0.8772381686316112,0.9282754183823703,0.9154225367712211,0.8767849414539713,0.8912876538601476,0.9016332612400387,0.9067137000456711,0.8903625574161289,0.891427531923581,0.8497413234913235,0.9176781171585735,0.8682171009475804,0.8868310655075362,0.8966743998382118,0.9024750323520815,0.9174553011091472,0.8510650396496946,0.8969470291167987,0.9096993284493284,0.8907880672928173,0.8985400867997734
9,0.9015240284826624,0.910396697858819,0.8985231289231289,0.9204023165255736,0.9163604036747764,0.8893525886493965,0.8933048205899925,0.9199364042871256,0.8874726482507399,0.8959311638223202,0.8899904998989456,0.9076730660948291,0.8977623857623857,0.8991444203944204,0.87260444519379,0.8767229132744561,0.9089713125240283,0.9063353877214544,0.9001472256916904,0.8753713458625366,0.920520750482181,0.8811799958579973,0.8934737115160547,0.9051826662333909,0.85549265967818,0.9185034736505325,0.8955036708839954
10,0.8960422781552811,0.8790227558536711,0.9104319864892086,0.9133073916054955,0.9217316287293368,0.92348207646788,0.9086939397134588,0.9368491196450422,0.8980670024928114,0.8995260056884705,0.9246997797059036,0.9208382520341862,0.9110379250379249,0.9086531986531987,0.8971966500304328,0.9401174873100147,0.8856347351838336,0.8884770784770784,0.8908749841119243,0.922237392764834,0.9272155098999362,0.9035795387408291,0.9060649675148907,0.916455650830651,0.9021707647556063,0.9054033444596686,0.860326773885344
11,0.9248055666543061,0.8774711570166115,0.9153761220744364,0.8983891096814015,0.9088992822871014,0.9270112694966166,0.9272838096786226,0.9095572084876897,0.921364121120371,0.8869016049462711,0.937569707288017,0.9253346438057785,0.923042587042587,0.9270746025417078,0.9044546031862436,0.8990183128418423,0.9192931807368426,0.9099376314987175,0.8970328657828659,0.9217333669124005,0.9596091542100095,0.8851513771878144,0.9230341581214847,0.9167178551900774,0.9204720883660845,0.9098551575126239,0.8889501834395115
12,0.9096171101296168,0.9194387610618971,0.9322962519790193,0.908146702829068,0.9254675826104395,0.9224883102120954,0.9238343805055829,0.9161707454038269,0.9479640429969667,0.8892681990903087,0.9336598137469153,0.9137643018265855,0.9259058040724708,0.9024738151006267,0.8793480029072026,0.9139097496706192,0.9114345384730856,0.8942235180474046,0.9031608018256626,0.9119755239760007,0.9083522079076115,0.8825228165499658,0.9069832694456755,0.9236038312631449,0.910284739993644,0.924758217494849,0.9099779857781587
13,0.9094797376952549,0.9383604383529431,0.9324034306851208,0.9036677796165463,0.9304339663392375,0.9120144791786583,0.9184803782874362,0.9225167351876724,0.9219030203000959,0.8793264547466227,0.9132943690522772,0.9050338944024067,0.9218560019272093,0.909301393051393,0.9338252617831233,0.9238549579075895,0.9225154344872654,0.904234461005364,0.9001436430442853,0.9266852813880686,0.942623196028024,0.899835984581162,0.9248632717438254,0.9271218593550858,0.915498617301502,0.9335661085090693,0.8946373621718701
14,0.9583225919490344,0.9278728104931313,0.9435050135050134,0.9136538531559951,0.9327497725054115,0.9174840935445806,0.9349504662004663,0.9501114081996435,0.9509035296862997,0.9242283377997665,0.9074934585497967,0.9125048934629385,0.8947479898269372,0.9127520699888623,0.9030808085680782,0.9295220057720057,0.9399764897958407,0.9195491700355953,0.9170098307741781,0.9015477880316869,0.9293808649080947,0.9378503158521126,0.9091691902974369,0.9138039259669163,0.9227745278226046,0.9378826865928351,0.924957761796615
15,0.9250646841396255,0.901620604093866,0.9394606409385821,0.9104341758444142,0.9179977850432395,0.9365890016523833,0.9252659135570073,0.9399945800514469,0.9140053774266899,0.9226044951101641,0.9257953235322566,0.9565799818668149,0.9260314547215955,0.9011737075648366,0.9181489074324592,0.9107772782772782,0.9232524538306599,0.9216708297477528,0.9381571021276903,0.9522085231667443,0.9318143372329974,0.8809340485884735,0.9035356813038183,0.912785302705646,0.9249460350458344,0.9385089245445497,0.895034101705697
16,0.9351195358526183,0.9286955369843071,0.9393879434387908,0.914715504756318,0.9442179748055325,0.9520299838599643,0.9303747065402038,0.9399825707488246,0.9074921784680556,0.9386771768861321,0.9296818788620343,0.9355639002481562,0.9323847720906544,0.9213872275385434,0.9678565264605652,0.8991097260582553,0.943420843172293,0.9424159808340121,0.928777508427453,0.9558347910020244,0.9373175681640084,0.9242991062019401,0.9370052851484801,0.9411164897910255,0.9431211936399184,0.9434642866381022,0.9386669894708745
17,0.9536629267091454,0.9372545380645944,0.9409721608082263,0.92293179314481,0.9445136089223869,0.9336106561816813,0.9360191215420391,0.9509178712411471,0.9209439988116459,0.9306507039885475,0.941719647145158,0.9411854893472541,0.9292152031727113,0.9164805979045109,0.9205146599571534,0.91005254005254,0.9575120254178209,0.9284391548622317,0.9381554321771712,0.9404519292026359,0.9427560530590136,0.9010790962427945,0.9348488817014408,0.9365104655239459,0.9265859674513521,0.954557047418471,0.9331193123182286
18,0.9209720684672644,0.9302920101783737,0.9234330795154324,0.9212768682929972,0.9482325037729312,0.9524199216329337,0.9540110146417622,0.9618067844250208,0.947533296499765,0.9400551829123256,0.9639010441827344,0.9537153716381658,0.9308636128692346,0.9427826021761947,0.9187307181755671,0.921501661418277,0.9520886660153295,0.9232750234250592,0.9459528647028648,0.9599115972066791,0.9471764325764587,0.9147807002274837,0.9286319673815899,0.9322227558753033,0.9465430936584783,0.9622951810557803,0.9301763883943815
19,0.9515385152957025,0.9197502275676257,0.9076847243858737,0.9450162591291623,0.9545693004459899,0.9447299333374277,0.9513746365602681,0.9662368846411514,0.9453367849201182,0.9505915160677065,0.9477735551679214,0.9624074465827093,0.9557230716737687,0.9222773659519015,0.9386474222295117,0.9563130977209925,0.9381578299266784,0.9251351197053921,0.9705588653758523,0.9539701216394015,0.9515639353545716,0.9256127137549791,0.9486627890124277,0.9333930606021585,0.9129356754356756,0.9648388936040063,0.9568071934945
20,0.9336196820784484,0.9476949224275426,0.9316919527267092,0.9505646321398344,0.9515241426636484,0.9432107320540157,0.9657319001581297,0.9631390074571893,0.9372636784511784,0.9435213165026829,0.9199450278157817,0.9487731223025342,0.9351141720781477,0.9581738534370113,0.9380067451477494,0.9472855518981045,0.9516263956932661,0.9197531006613915,0.9463125778293513,0.9271820254675567,0.949825615607639,0.9420901544010196,0.962956856743875,0.9294063537168751,0.923070577575079,0.9427497644075183,0.938886261518182
21,0.9607962732120953,0.9431387987461012,0.9401292128565031,0.9326273057534917,0.9616316223459079,0.9486519692525952,0.9424808139158847,0.9552003529152738,0.9388415730807035,0.9330969787552421,0.9558442643806743,0.9601399331662489,0.9375757467710745,0.9406658711658712,0.9437704096619207,0.9177183998050857,0.9559369071916075,0.9167851499582532,0.9310037165855579,0.9184958938542395,0.9535745387772999,0.9321197833580815,0.9631835773386173,0.9455716385091217,0.8982726682270358,0.948070918590787,0.92921771145876
22,0.9580203895995636,0.9545609483109483,0.9297038268245389,0.9452483087498698,0.9483236248563597,0.9505344869442515,0.9726116427432218,0.9543355086076606,0.9322928113553114,0.9546594251486553,0.9591052677609169,0.9730818609495081,0.9480621237000548,0.9339203825929833,0.9421744543643757,0.9386624268502826,0.9641740026905742,0.9435941056342393,0.9312515696717459,0.9290161586591282,0.9524733463258053,0.9274709412927498,0.9438380799026974,0.9438882912614797,0.9293967186550306,0.9530964619780409,0.940019367887015
23,0.9639096472227603,0.9553742443096509,0.9520540469315825,0.9282185909732599,0.957701928966454,0.948972787231939,0.9477265527435114,0.9636832344720047,0.9421147126646867,0.9417801478664954,0.9631212974441073,0.9593526627755837,0.9324508412469086,0.9457843575506619,0.9471347475674855,0.9570628385302299,0.9541781643435042,0.9441502489466291,0.9436999068578016,0.9372181665435554,0.9238758308128454,0.9368253398984318,0.942526887332082,0.9473471722084983,0.9327680332488024,0.9865121355252934,0.9735576319197025
24,0.9636512038685953,0.9435890677240745,0.9480064094343644,0.9552277024051218,0.955717698607309,0.9440991386199555,0.9501030256575097,0.9722101873320383,0.9553910683708283,0.9199948898402193,0.9503238771771019,0.9623446406534643,0.9394371838610158,0.9472166713388612,0.956438535493731,0.9349596759070083,0.9718115723518833,0.9337352604660296,0.9465223310035148,0.9505620979147592,0.9582798041814435,0.9499442690450275,0.9367392204006861,0.9730872543062945,0.950308772424157,0.9343211607416153,0.9400744365038188
25,0.958393552617155,0.9499463846338845,0.9563833067517279,0.9158073221581285,0.9640401848385041,0.9511809641804827,0.953615690469835,0.9674685991356932,0.95294309458512,0.9451811137901364,0.9410756301601372,0.9635172161556246,0.9593646087354777,0.9293113830613831,0.9567722103279609,0.9586485042735042,0.9693921493217268,0.943177948187743,0.9662441360970773,0.9504110980687959,0.9502886819196518,0.9487831062799094,0.9626009884864395,0.9605479508940462,0.9387207023745485,0.9334934052001405,0.9483976488132498
26,0.9726660458380382,0.9448747273202489,0.9529190592248736,0.9377571573216907,0.9679396000824572,0.9652124441765304,0.9676235058202273,0.9652250245538241,0.9517714700553683,0.9315248321550843,0.9489268947015427,0.9817667932557638,0.939563560692593,0.9482442421413009,0.9491481122961877,0.9345706516565648,0.9587261702714985,0.9467239704739705,0.9645709020709021,0.9595275656403024,0.9475485484027331,0.9486194373750935,0.9531452970098885,0.9561652082334405,0.9556080529607793,0.9496229140497916,0.9537431480110781
27,0.957464281749996,0.9492083059812516,0.9417300079182218,0.9476237319848182,0.9577940577940578,0.9678156834873253,0.9741954042149443,0.9582641895141896,0.9549700537699348,0.947187865045008,0.9639480238071789,0.9668698939898402,0.9556564555736945,0.954954421939716,0.9603223251102276,0.943980278980279,0.9587182901329546,0.9465440278675572,0.9486906585590796,0.968093510067976,0.9475604906168252,0.9502873398884037,0.9597689361822287,0.9625594130528342,0.9365288034405682,0.9750260711155008,0.9562333115750071
28,0.9589481158316986,0.9644163194041435,0.9455740675990675,0.9571963699158984,0.9753443526170797,0.9688088804998559,0.9471487748986427,0.9706524115615025,0.9619918161722526,0.9711894278560945,0.9524856552143903,0.9678828261073517,0.94260534246366,0.9502273282273281,0.9497809784783662,0.9480173139843172,0.9681769438865144,0.958504925084034,0.978005238005238,0.9335182929518596,0.9685667459099391,0.9542076591874162,0.9651495330066756,0.9560192010012053,0.9594422734128618,0.9588921913181955,0.9394595602592384
29,0.9784773332037768,0.9629106241128237,0.9545224144351334,0.9364371989490584,0.9849665486029122,0.9666318259359644,0.9676237436172472,0.9775678443116814,0.9470729177255282,0.9637063726090642,0.9432011171552409,0.9749972694068715,0.9664032392728045,0.9531844274146906,0.9485164087077123,0.9475819615964268,0.960528648470697,0.9429761904761905,0.976615595305422,0.9381314757279854,0.9750829871671242,0.9382932187834996,0.9664974830265703,0.9546656661239995,0.9614288489288488,0.9749782281156727,0.9596888010697071
30,0.9507755538112682,0.9498306429526526,0.9553936850902796,0.962075833772628,0.9838457073419479,0.9578430575380512,0.9543560581336774,0.9748502739356398,0.9721824925520334,0.9384459378832781,0.9538350084715654,0.9646219385189975,0.9596397806986042,0.9408927084690982,0.9428310722422356,0.951806700736721,0.9493524123933057,0.9361727739329551,0.9758433117959274,0.9516821293460638,0.9662038330064973,0.9247721055257457,0.9767000360750361,0.9585321254221179,0.9582044589397533,0.9799157846406651,0.9434794009953498
31,0.9720177579494349,0.9504386332874706,0.9613953255416671,0.967325413846839,0.9732661265570605,0.973193648442657,0.9774444456218806,0.9590389703948058,0.9555452771629241,0.9709654125694226,0.9602709878831727,0.956817352838114,0.9761743772852742,0.9559111897042932,0.9325366003205802,0.9636719797150713,0.9669295897788874,0.9539467455621303,0.9703051713921279,0.9394855332235758,0.965204167184778,0.9705978500356924,0.971209829039857,0.9616307264513578,0.9543058468680641,0.9924885163855751,0.9444982958470938
32,0.9595354050711193,0.9546288033867315,0.9674241817429371,0.9685919680677745,0.965511052906011,0.9666520339479076,0.9524477896017803,0.9474596410354924,0.9751503006126294,0.9880753257097343,0.9657636137757373,0.9768688725490196,0.9661570022434601,0.9593999458020757,0.9587217849806656,0.969161554544619,0.972899115214774,0.9391268880691958,0.9626007878805596,0.9527431584808634,0.9610587193415184,0.9699400634016019,0.9840102625816911,0.9585571557998028,0.9780217207885747,0.9546898965093207,0.9538154381220333
33,0.9599663521615139,0.9482685475917428,0.9706657046657047,0.9672118360056648,0.9690369334849853,0.955138791556702,0.9633030539587916,0.9669108639423145,0.9715931498047248,0.9673223676032664,0.9803000224612214,0.9711789796132357,0.9288503500105935,0.9649240548546104,0.9586838057762428,0.9686249861249863,0.964276121171259,0.9278589359464081,0.9705139537124349,0.949349005221715,0.9568975279725479,0.9577865516633579,0.9589537516229246,0.9749734062234062,0.9622603933813945,0.9679619983213182,0.9613740462248247
34,0.9778571428571429,0.974301456119638,0.9678774504628161,0.9784526735290743,0.9668981091059015,0.9710882815360428,0.9559088065277809,0.9700571210623724,0.9624014156341743,0.9735737287085537,0.9621745492920499,0.9680780440670662,0.9524266688900987,0.9569646637581422,0.9620313025744884,0.9516402116402117,0.9720524885060735,0.9140111545610187,0.9635857627744037,0.9576592138056319,0.961601992256895,0.9737346475133006,0.9767008463745948,0.9651914749647593,0.9603931171405864,0.9745195684773691,0.9545204518757648
35,0.9742803624946481,0.9521727197676129,0.9747652162652162,0.9660605102255956,0.9738814085118156,0.979846111059609,0.9686804208863032,0.9755760148855186,0.9566633961276819,0.9835845449290828,0.9677271722387697,0.9662419116203237,0.9577201889370393,0.9627466113321377,0.9574159422666886,0.966068316215375,0.9596864124582675,0.9587256843860478,0.9696029505683921,0.9593392482159813,0.9573726618617964,0.9599262276185352,0.9846306291111486,0.9572784482375205,0.9817116644039721,0.9567752253358314,0.9712298466623724
36,0.9804950471416638,0.9560360957490145,0.970014985014985,0.9794581849893911,0.9685266478087088,0.9846112574382988,0.9633001532249686,0.9667074492967351,0.9687652972027972,0.967759574060387,0.9604017255989079,0.9609835017923253,0.965310023118742,0.9604146762063998,0.9645421182415386,0.9627994227994229,0.9649980028534374,0.9517577413362411,0.9643345283838469,0.9664008965396363,0.9888693728857663,0.9766381508263335,0.9761688949842261,0.9715921422028999,0.9791793854293853,0.9701389892126371,0.9634829054829815
37,0.9706987324844468,0.9820310476560478,0.9672530062530064,0.964654028766932,0.9687266215974351,0.9818725635889815,0.9641890016034614,0.9859703427885246,0.9607050461142532,0.957397551828343,0.9557003465223927,0.9717224402822779,0.9559302809302811,0.9549664173863258,0.9638430492908105,0.9496587417958385,0.9688901607211466,0.972139235016917,0.9743461750311065,0.9600351288056207,0.9655677037321633,0.9756973581973581,0.9721916105367354,0.977205488381503,0.987699387228045,0.9730424972554219,0.9679454664748782
38,0.9779089731130548,0.9770152427242695,0.9737187148363617,0.978612785064398,0.9805045842788527,0.9698009664650342,0.970131183768708,0.9758059478647714,0.9562517760727479,0.9756032327460898,0.9730764001890762,0.9709964158879082,0.9606779516779517,0.9490286461727886,0.96486026186302,0.9523725566372625,0.9731400996786704,0.9640965746169367,0.9696043446043447,0.96833953323889,0.9648585085563949,0.977320544952124,0.9871765038835256,0.969996958788991,0.9679006983624604,0.9775125679537444,0.962275943763833
39,0.977205389848247,0.9666642280278644,0.9792398921890773,0.9745657568238214,0.9837428084181331,0.9679798434684888,0.9808777609404417,0.9631049044190128,0.9668222301235446,0.9836373943516802,0.9698450605279737,0.9776872153154642,0.9694155334277287,0.9697626311596899,0.968481190784385,0.9578583671230729,0.9784929085136244,0.9674763082568512,0.9823341874945313,0.9839030636701043,0.9698404813158911,0.9913614163614164,0.9753093581930382,0.9730974315465056,0.9628435022831574,0.9909320883458813,0.9629639355742294
40,0.982082556891582,0.966767786085968,0.966989246414712,0.9671912461454606,0.979907209481727,0.9649585946850076,0.9866997024516625,0.9778045320999791,0.9652364672364674,0.9650342071394703,0.9578590719608718,0.9781694805591866,0.9732831928044909,0.9624499455314826,0.9705775348444355,0.9640145082964242,0.9757212466719508,0.9745593295593297,0.9691535789986722,0.9624096759342661,0.9767106762522155,0.9787968441814596,0.9884662956091527,0.9730675503044108,0.9564531057178116,0.9685733332324241,0.9669726145633758
41,0.9654044918180507,0.9738097915729494,0.9750819454944548,0.9797698315773956,0.9772386471695227,0.9711649071833445,0.9702942776713268,0.9687462834914676,0.9693689351584088,0.9786240085259694,0.9647923610070631,0.9696543740866268,0.9739103859103858,0.9537052859421281,0.9579208156680181,0.9699473328727444,0.9769136784531478,0.9783883836470044,0.9646500067552698,0.9577510503963451,0.982297937385111,0.9815453237720443,0.9777018245314656,0.971546149323927,0.9787865339788416,0.9772394272394272,0.9625061005961147
42,0.9671739812394696,0.9694751639353911,0.95995750277114,0.9599234369877694,0.9747598175366433,0.9721103800874857,0.9587657627685299,0.9684241403938375,0.9591263254625325,0.9850871350871351,0.9569112406199459,0.9759517099687379,0.9753635797753445,0.9701377111735001,0.9656830339077,0.9493634323196479,0.9637428022025932,0.963458019105078,0.9750413997237313,0.9724756094567197,0.9780164124826259,0.9851515151515151,0.9718808297510491,0.9807858044019567,0.9552176989676989,0.9748260577806032,0.9750866675499028
43,0.9651687598116169,0.956594578383116,0.9715572758957243,0.9680449818380852,0.9719856530088633,0.981179383284453,0.9741801297537179,0.9682906368735246,0.9702295322340545,0.965923406399597,0.969259703791241,0.9768376414870845,0.9801061100740177,0.9638965969458528,0.9696957033289072,0.9723882734912147,0.9753361075544175,0.9646732114039805,0.9762352688823278,0.9762476885147817,0.9870183095592933,0.9827350427350428,0.9737055056575374,0.9773630053214093,0.9723170259227951,0.967344374599778,0.9776023609520486
44,0.9586293204150347,0.9715566077976951,0.9713842860679726,0.9600321674175665,0.9724440182081807,0.9596513026992209,0.9668403076414819,0.9758596429143119,0.98175838711553,0.9858085209392398,0.9524119078323867,0.9818144682115272,0.9662751728710809,0.9643771043771044,0.9718221266344621,0.9522358619641229,0.9696091582172774,0.9559012936226008,0.9772747747747748,0.96022897808461,0.9802159575363076,0.9771794871794872,0.9807822302474708,0.9733325700903035,0.977535976776412,0.9771968567135426,0.9762428203604675
45,0.9636962558139028,0.9576606583072101,0.9671626475161359,0.97405027767931,0.9656225186251611,0.9782152576458086,0.9692248613004418,0.9598926361599913,0.9850248375776546,0.9755291005291006,0.9522552864287481,0.9664199503330745,0.9807053140096618,0.9724872213842802,0.9598627824658686,0.9779125279125279,0.9766791242143354,0.9752834159304747,0.9741492134874487,0.9778900225699305,0.9752745366499864,0.9862451519069166,0.9662669379204614,0.974534027963906,0.9641096104331399,0.9683282766616101,0.9942496229260936
46,0.9721049582226052,0.9795579136154002,0.9774603174603175,0.9658622721600225,0.9588546094917909,0.9757226801916272,0.9801912568306012,0.9650551005723365,0.9697319412141437,0.983522094620405,0.9637924776230543,0.9721252617923769,0.9755759347864612,0.9789303221288516,0.9713813366523502,0.9664762813198308,0.9729861883030898,0.9717567573716948,0.9816174599281472,0.978040725340127,0.9706253879076316,0.9868983320202832,0.9763554593855547,0.9629497477582155,0.9945171113187308,0.9691342259890647,0.9836536972801291
47,0.9639521642709428,0.9868686868686868,0.9586945464844909,0.979913085669576,0.9750786468974344,0.9675844526260806,0.9648165495706479,0.9702227428170369,0.9853427895981087,0.9717000452902709,0.945864048080603,0.973601388531056,0.9785916305916307,0.972354899429203,0.9611866988732659,0.9646087876698058,0.9750044275546258,0.9599360553975939,0.9623391191103041,0.9769932935916542,0.9870865481305516,0.9628651468955488,0.9855279174606906,0.9709037842190017,0.9725846940487138,0.9786845054001915,0.9742867828259139
48,0.9785291675198508,0.9660242150680066,0.9786064831226122,0.9840601891401799,0.9785091171454808,0.985481682496608,0.9642364633736505,0.9698902370555612,0.9746463258963259,0.9905242905242906,0.9754805988510746,0.9590137351380179,0.9689326599326599,0.9552459577459577,0.9685606157463138,0.9843846153846153,0.9796268841116877,0.9769446072857896,0.968035719547533,0.9835382513661203,0.9823749588141364,0.9817746349835902,0.9785527869259927,0.9711684216213202,0.955572231857466,0.9826323915033592,0.9799350591738135
49,0.9884626314293834,0.9682588875770693,0.9749610759610761,0.9807779957596485,0.9631652562726395,0.9790374369288309,0.970077525651486,0.9808071984339265,0.9716732932489234,0.9677623281309917,0.9752724270459358,0.9844358582923981,0.9765988357636527,0.975523816597346,0.9841650140903874,0.9860280704620327,0.9688665794299597,0.9772761775129064,0.9608115469208819,0.9698187968679771,0.9874902419984386,0.9828507431901097,0.9923232323232324,0.9666454930268336,0.9813314748976514,0.9630524031480316,0.9857721349409329
50,0.9772732426303855,0.9713025083123121,0.9950183150183152,0.9874391961085509,0.9783779503092448,0.9804462899609073,0.9694359565060742,0.9812026091930397,0.9865384615384616,0.958295798979029,0.9527042744938353,0.9859451017249005,0.9702424242424242,0.9607160894660894,0.9675437738350565,0.9806028849004231,0.9772171020822323,0.9823656208045348,0.9583637658869635,0.9752146760343481,0.990782738288084,0.9844266394873682,0.9806895485466915,0.967666213249777,0.9861061205819269,0.9581515200751038,0.9825028905911258
51,0.9831848508634223,0.9715679420774729,0.9859440131841086,0.9654155852181436,0.9614655391988667,0.9752832644084173,0.9878423552749359,0.9828299471785387,0.969491156991157,0.9808147187158095,0.9690157259775036,0.9777142087473325,0.9807459690068386,0.9759148517288051,0.9694482080757227,0.9921052631578947,0.9859889159518515,0.9645602426247588,0.9509998570859228,0.9805192808252388,0.9862809165005989,0.9920493378165101,0.9875770693952511,0.9798660979543333,0.970916267626794,0.9719483542112,0.9787560900168669
52,0.9837432591324673,0.972600768045595,0.9802222222222222,0.9703531532160564,0.9829575610785637,0.9723277551635761,0.9683805485861351,0.9914944903581268,0.9792421140704801,0.9842071508738175,0.9649343223286885,0.974033261630011,0.975791303908951,0.9684795643874928,0.9714351529708777,0.9935387614334983,0.9796953443303374,0.9785534348692243,0.9805868635610014,0.970680856567199,0.9840595375164157,0.990828402366864,0.9771627843056415,0.97381599378882,0.9877271421389069,0.9871115853919271,0.9706421384343211
53,0.9822656286365965,0.9699431206361565,0.9843840755491609,0.9637270677028557,0.985007501623239,0.987740096526808,0.9672571904441868,0.984697969468586,0.9744552166704293,0.9763951365180636,0.9739670124391496,0.9861108597746235,0.9740121836607405,0.9880982905982907,0.9662127039870674,0.9779553012519562,0.9878096864012357,0.9730269622478355,0.9875316208782029,0.9660597278003257,0.9833728088851038,0.9717504465771475,0.9577855070647195,0.9618350906261178,0.9939370973853733,0.967704771534265,0.9811599695198012
54,0.9843409547441807,0.9793186781823148,0.9732456481286018,0.9594480374774853,0.9799266370358641,0.9823352725545642,0.9722790731878401,0.986494773387675,0.9586876098156586,0.9766133663393937,0.973773347153629,0.9617735046890838,0.9716846342476094,0.9615730663710026,0.9778144354221013,0.9762718360071302,0.9812676056338029,0.9738276822892208,0.9867498538731415,0.9814140981402293,0.9875208288849728,0.9857492992837122,0.975006772398044,0.9721790575408996,0.9876954320546828,0.9807393645443752,0.994313725490196
55,0.9793488338989643,0.9665215649453187,0.9822996720055543,0.9707123538992923,0.9731409035658966,0.9876345778891871,0.9707548553450194,0.978354080559963,0.9629513298611624,0.9859388023984297,0.9741842147967271,0.9674293718014693,0.9625006836703843,0.9591014969673506,0.9783442096874932,0.9647394844186705,0.9707599723062063,0.9692621653844155,0.977622265122265,0.9712501036358727,0.9866817456981393,0.9665261385170888,0.9739451866537875,0.9724543331181881,0.9868397303179912,0.9850348725348724,0.9842428537680132
56,0.9823540698330614,0.9832980147635321,0.9797862689776651,0.9746324062559831,0.9784382284382285,0.9464437911408338,0.9768712262621819,0.9850671167912547,0.9636063592588751,0.9810533611775849,0.9874469036440867,0.9762859312003831,0.9798381692742348,0.9728902116402117,0.9671235895116492,0.9826220863720864,0.9758621205488524,0.9812541874080336,0.983271073677187,0.9840166822629652,0.9846205113489503,0.9772290317181958,0.9861165399135878,0.9933410493827162,0.9826753108003108,0.9833793702017423,0.9840574981282503
57,0.9809069070723208,0.9770431588613406,0.9818543953466555,0.9885012967603928,0.9803854875283448,0.9535690459714595,0.968733406848161,0.9799413918471644,0.9582518679577504,0.9783232011523327,0.9842025123715266,0.9891262603752707,0.9722904932582351,0.9820346320346319,0.9598539394126675,0.977962596626191,0.9696297628759017,0.973596981701054,0.9801037831109886,0.9775708092113295,0.9817272205549772,0.9799402488764191,0.982117688998296,0.9820172442196251,0.9828395288921605,0.9822421249201435,0.9798315097111181
58,0.9738217192161697,0.9823787244592039,0.968119132119132,0.9912086121763543,0.983074461044386,0.9791186752498614,0.984731807420808,0.9804334054420916,0.9756406166932482,0.9694942996961631,0.975694767396832,0.9890664408234519,0.9737830687830686,0.9736503759398496,0.964063755481666,0.9820597538532322,0.9830269048253373,0.9916364457460348,0.9691040003540005,0.9699139973804096,0.9898516783762685,0.9579290852519443,0.9708947187531094,0.9782726534782457,0.990806342780027,0.9710663363687086,0.9813487656399841
59,0.9655255642927028,0.9875886736051857,0.9710985421971905,0.997707147375079,0.9686526598456735,0.9491151204469693,0.9785636502633914,0.9757290186075793,0.9708951632095109,0.9861579414374445,0.9877357769411585,0.9895984734220029,0.9806887115928212,0.9717632075725846,0.9743759273806406,0.9743847670647205,0.9834817627411903,0.9883811572778628,0.9868136717798879,0.9857695810564663,0.9894002647388249,0.9819484838231596,0.9740066029906421,0.9853818635068635,0.9816568047337277,0.9811862482317026,0.9702039983247233
60,0.9667717169924448,0.9797086902350061,0.9772302441231532,0.9768349929640252,0.9825238473844938,0.971218838244027,0.9750471279866417,0.9818790673533757,0.9631569579072607,0.9823904490571157,0.9785078797442451,0.9830615534984046,0.9779292901164247,0.9817698794261295,0.9860773968982924,0.9867864923747277,0.987199586407333,0.9834821049395948,0.9770103357059878,0.9832943013270882,0.9930452061599602,0.9795970695970696,0.9774152603625182,0.9823203267496746,0.9837912087912088,0.9668362812155616,0.9840152825836216
61,0.9805264893668509,0.9813421985185458,0.9730623909068175,0.9644346692733791,0.9756639221345104,0.9786921194991748,0.9810458212097557,0.9666038086492632,0.9575522559178218,0.9847142701981411,0.9726770371902032,0.9858363396425682,0.9785658033822848,0.9728703703703704,0.9747726385895833,0.9894973544973545,0.9897818282242475,0.9898720227141279,0.9687236805213335,0.983195610644631,0.9803400909958286,0.9805698494612268,0.9656408443819705,0.9856631794131795,0.9976331360946745,0.9767531045264778,0.9860149942329873
62,0.9800240855035375,0.9892479729941029,0.9846194813512114,0.9847926267281106,0.9810469011412656,0.9842670043735152,0.9733519819585393,0.9834415584415584,0.9797049097416743,0.9779996847223739,0.9888000182572494,0.9870915032679738,0.9737680378971244,0.9760067155067155,0.982445333898594,0.9842424242424243,0.9861699333530319,0.9824063116370809,0.9861090486090487,0.9700280540825718,0.9808836739276893,0.9780983671500914,0.9790987999371289,0.9710508648294037,0.9957264957264957,0.9603859406459403,0.9833975256769375
63,0.972126863031059,0.9801954049284333,0.9887530083443127,0.9767281105990784,0.9897693367618181,0.9702049888360896,0.9667652521354518,0.9912589206287026,0.9850302343159486,0.9789146776338429,0.9811750800483195,0.993028322440087,0.9742508710801394,0.9694382260975288,0.9823479022276799,0.9854285714285713,0.9927443448570209,0.9906275611755063,0.9740181883564237,0.9854001083027121,0.9897643137215254,0.9894160069226381,0.9716664823685811,0.978124230841622,0.9910463707105498,0.9854374556705066,0.9844012605042017
64,0.9857547354606179,0.9887073852154603,0.9893978243978245,0.989059954382535,0.9898544045111762,0.9829915455711762,0.9679170064189477,0.9819926206430569,0.9807398103590713,0.9955679241393527,0.9792303314838525,0.9917125917125917,0.9744400871459694,0.9718465143477482,0.9749386325506739,0.9860135582010583,0.9876153942625945,0.9905398351218784,0.9706518859012465,0.9829856396080007,0.9902660181348706,0.9848708048708049,0.9828473539785159,0.9741522366522367,0.9947188228438228,0.9861538501631381,0.9821623093681915
65,0.9870473574045003,0.9842600210247269,0.9917678445585423,0.9841926607631193,0.987533734233412,0.9830825351762411,0.9580846293961047,0.9817301725557073,0.9719106527530441,0.9902456993128878,0.9655208641124134,0.9881260294792715,0.980296493629827,0.9809350637101061,0.9859038142620232,0.9905753968253969,0.9808571830822626,0.9921311631837949,0.985055405979319,0.9674171456958341,0.9928806255275667,0.9873626373626374,0.9971139971139971,0.9812169312169314,0.9943956043956045,0.9803992303992304,0.9881372549019607
66,0.9842812388113141,0.9919560237742057,0.9943333333333334,0.9811691668546507,0.9658028957086522,0.9799376668779655,0.9724699061300063,0.984649825060784,0.9751564751542066,0.9926524829725454,0.9590614421748457,0.9848938547035433,0.9810921124705677,0.9747138267422162,0.9725412827258861,0.9908491107286288,0.9759286879005188,0.9804514764071262,0.9669748342162134,0.9760232676245378,0.9995796553173603,0.9785603260202803,0.9785424218795196,0.9925144300144301,0.993276145943098,0.9740854161787176,0.9841573149636029
67,0.9897742474916389,0.9832019614148129,0.9939947089947089,0.9583239754051334,0.9782500985622726,0.9605458158340207,0.9726867898257461,0.9796809191996356,0.963759520902378,0.9907520463076017,0.9841879449733092,0.9693338525301087,0.9751038961038963,0.9792532467532468,0.9786738565945978,0.9799837711308299,0.9741008603937281,0.990780303816741,0.9745154268495582,0.9871811549262012,0.9912177985948478,0.9754866542051898,0.9799743340559667,0.9921754171754171,0.973226177965189,0.9766984071374728,0.9848164906988435
68,0.9750778732545651,0.980149506362617,0.9914814814814815,0.9564350630033992,0.9722791495849484,0.977498119661665,0.9774948412243494,0.9767823960378518,0.9784530771372878,0.9940287226001512,0.9895912494815242,0.9855188498458498,0.983627844712182,0.9782009763375987,0.9801825848826046,0.9888748832866481,0.9714354307664167,0.9842560324018125,0.9812297610440024,0.9885245901639343,0.9928605092539519,0.9790487547652815,0.966509840125698,0.9776510141093474,0.9891520800245962,0.9770885245433715,0.9941176470588234
69,0.9749914965986394,0.9854955293918968,0.9778854397634885,0.9800054919643888,0.9761385043522929,0.9811886244318594,0.990957667565885,0.9796210901283365,0.9746212815949657,0.9817869656950117,0.9929170985509014,0.985852085116791,0.9921322751322752,0.9731084862364884,0.9895343793851256,0.9883986928104576,0.9675294160640061,0.9909361955873582,0.978271908271908,0.9898776997137653,0.9887767969735183,0.9802453626666521,0.9817568342086158,0.9854392601727873,0.9810259882768009,0.9788509080788491,0.9939792990366878
70,0.9830045351473924,0.9960186874743973,0.9866733496059177,0.9756239813160762,0.9886652983172273,0.9781217001843081,0.9853976487342611,0.9722559766419415,0.9837755983353307,0.9873248444677015,0.9715379451876063,0.9920751633986927,0.9731078682369007,0.9817167319938436,0.9789166057822775,0.995,0.9859083795703514,0.9911162641931871,0.986165112480902,0.990613931330668,0.9918036176761718,0.9803352065358506,0.9937560713164856,0.9759003727753728,0.9809730124947517,0.983649502190172,0.9903454028670291
71,0.9812925170068028,0.9896584896584897,0.9751456611078951,0.9807852195209116,0.991912320483749,0.980247508278008,0.9668893787023005,0.958456234252995,0.9858505093939876,0.9889412175126461,0.9746350120175281,0.9997737556561086,0.9865283300577418,0.9659553101219768,0.9802691629293913,0.987842039800995,0.9775894497419297,0.9962637362637362,0.9825880231285635,0.9833303763631633,0.9916101375541737,0.99271553762693,0.9655026461741524,0.9654489074832213,0.9850065216183209,0.9839233433498666,0.9839480731349243
72,0.9850510204081632,0.9855929745635629,0.9834923711072922,0.9728684125708206,0.9897530086414732,0.9770822292926531,0.9840872809734933,0.9836731670208807,0.9854383433330802,0.9663706062134999,0.9743545738280619,0.9898001508295626,0.9724527548248479,0.9781944955629166,0.9832419423769899,0.9863458994708995,0.9718552363836714,0.9853146853146854,0.9897039897039898,0.9931898495315234,0.9955300665040298,0.9810488321202607,0.9799025624564537,0.980067746795688,0.9805555555555555,0.9878828504949775,0.9855152719990045
73,0.9792857142857142,0.9812184343434344,0.9917543859649122,0.9680170695054471,0.9843642288447483,0.9776371120587539,0.9931376286694624,0.9785209573941969,0.9734109879584018,0.9764373053846737,0.9814460934674022,0.9801113959452744,0.9601350083787222,0.9749870951090464,0.9896705284764986,0.9824007936507936,0.9844616181940127,0.978912753912754,0.9895323435137897,0.990632318501171,0.9864182431602522,0.9759268011157478,0.9889462840819011,0.9894721019721019,0.9729459608491866,0.9692722776610856,0.9877583390951318
74,0.9769875079487704,0.9798627493227774,0.9873483709273182,0.9730876228978694,0.9946834076533325,0.9808008079216239,0.9808671854235981,0.9809955616773799,0.968458152958153,0.9872934186314467,0.9887321068588238,0.9848195279143648,0.9779463282911558,0.9848915989159891,0.9906978753873312,0.9852477477477478,0.9870321384405891,0.9899872311771626,0.9849729917564852,0.9953188511130852,0.9851417457708275,0.9685960224259939,0.9685802364014111,0.979547558922559,0.9936407342657343,0.9800700458673632,0.9964890935787594
75,0.9958333333333335,0.971216853995343,0.9873703703703703,0.9917177234812136,0.98265774629411,0.9933275869890668,0.9853625802034673,0.9752768521969148,0.9703504922254922,0.9787549335494541,0.972856454969131,0.988716301000038,0.9680278675306484,0.9777951132848851,0.980026342082765,0.9839352590229783,0.9797603479627202,0.9910256410256411,0.9761374820198351,0.9954776710005653,0.9919798971999144,0.9766576203823166,0.9802285234016316,0.9810809753418285,0.9875630067937761,0.9775208451679039,0.9812931739268881
76,0.9932401789544646,0.9898197517698984,0.9821235799918779,0.9754371972113908,0.9923278402269998,0.9879862053369517,0.9837239747656941,0.9708810664627411,0.9549643874643875,0.9762045142997524,0.9835872929887013,0.9872149575707908,0.9866338377713592,0.9913918307940046,0.9794662118478024,0.9747287332817557,0.9922751612650732,0.9926373626373627,0.9941243441243441,0.985074001090101,0.9946672714313484,0.9696004973932457,0.988411807799238,0.9828072739345378,0.9991638795986623,0.9839466089466089,0.9827036568436517
77,0.9843462843462844,0.9886430946179373,0.9894443053817271,0.9642167148104438,0.9836468856584903,0.9929974189204355,0.979962279310929,0.9824372003516388,0.9797597391715039,0.973904247598564,0.9884196968715736,0.9850029383443316,0.9821481481481481,0.9953804347826087,0.9728533352553815,0.9645264229936201,0.9884669083969081,0.9882298061875526,0.987348809452468,0.9823847373027701,0.9982277359326539,0.9873312065619757,0.9928767847905313,0.9754334411024552,0.9839675756342423,0.9890302236174753,0.9814059714795009
78,0.9736224750226365,0.994949494949495,0.9796894660894658,0.977208500819817,0.9766512059369202,0.9900741892568236,0.9745521597742316,0.9900577586406465,0.9717262774495479,0.9734169452419755,0.9798049133964625,0.9892557506441032,0.9814891774891775,0.9926068376068377,0.9831029088925652,0.9771313896313897,0.9847977354920422,0.9961162125545688,0.9761603471921332,0.9906777494797171,0.996824693546005,0.9934257602862253,0.9834937565792918,0.9883978675645343,0.9871466140696911,0.9976387249114522,0.9931425831202046
79,0.9887114076399791,0.984916734916735,0.9818454918199163,0.9744539035634904,0.9797663226201969,0.9950248756218906,0.9755945075866884,0.9765431978041951,0.9657718253968254,0.9633665726312175,0.9703323533283911,0.9819592385449163,0.9816498316498316,0.9971804511278196,0.9889201254003953,0.9812895612206335,0.9930055859633325,0.9733324321129634,0.9796406717138426,0.9752324545879174,0.9959016393442623,0.9851951306838523,0.9893216399427578,1.0,0.9872572254795743,0.9892906336088155,0.9779241751635972
80,0.9788224030871088,0.9887702785430058,0.9919782153330541,0.9795343518215053,0.9870208613393158,0.9901877168777958,0.9745148484703902,0.9809502607779347,0.9777132391418105,0.980316053361984,0.9731869942035195,0.9888209549092063,0.9770807328871844,0.9968660968660968,0.9871213313414765,0.9751690127527806,0.981882265817125,0.9829692912285827,0.979423464693239,0.9906620017417078,0.9976580796252927,0.9848019719705213,0.991939601617021,0.9771630375797042,0.9846638247373541,0.9918937136370086,0.9866868528271614
81,0.9817650930150931,0.9837596613912403,0.9945440411578473,0.9739936351141785,0.9791032677396313,0.9834406901571081,0.9891761244220261,0.9914653706769405,0.9771730539472475,0.9742216516718178,0.9748010724266284,0.9881221079263625,0.9918939393939393,0.9923148148148149,0.976687988628287,0.9820466307052953,0.9845116151454179,0.9886075167808914,0.9711657824248974,0.9928652438395712,0.9945775535939471,0.9894479665633512,0.9851471408962699,0.9771767381416505,0.9876506363894866,0.9886002886002887,0.9890321741344759
82,0.9792841349984207,0.9845602444519298,0.989784872894544,0.9828237884967584,0.9838225343784026,0.9895076544225166,0.9892261113572589,0.9814285229964173,0.9762236937087013,0.966596439014267,0.987854351300913,0.9904483852364474,0.9769082892416224,0.9910558177224844,0.983512669212079,0.9799436188811188,0.9878818364733857,0.9880576044959606,0.9695434241294049,0.9729835906540873,0.9950201737486823,0.9908791208791209,0.9924787581240357,0.9873273797692401,0.9937300413261951,0.9892316398658895,0.9821519357611024
83,0.9688025257950071,0.9754649639017086,0.9890113132543837,0.9735190346231756,0.9865852401566687,0.9925018892877386,0.9878024980483997,0.9885060715618171,0.9791088111921445,0.9608392560492638,0.9926093997137907,0.9817701277901972,0.9911126711126712,0.9970545977011495,0.9902718550106608,0.9844224924012157,0.9905209031969594,0.974594645081732,0.9788053144096175,0.9932156374887611,0.9911558311148475,0.9874349911691684,0.9840371894239118,0.9922181119184041,0.9893028846153846,0.9759594204275273,0.9747079877702717
84,0.9770390909987183,0.9821984728234728,0.9921069194189601,0.9743326118326118,0.9928971588635453,0.9970055270218344,0.9899412881539934,0.9923698827808416,0.9762360446570973,0.977554872715242,0.9939820742637645,0.9866808844750022,0.9970370370370369,0.991540404040404,0.9885339904487589,0.988441614371847,0.9782183507111387,0.9894101923513687,0.9641621874255388,0.9888825288655775,0.988078133680602,0.9753144078144078,0.9921103241655123,0.986655853012236,0.9910912343470483,0.9812814616168274,0.9872610582362504
85,0.9640856950841693,0.9849376114081996,0.9797201355289591,0.9827011347698585,0.988419275164052,0.9815980569740739,0.9764025500910747,0.9884421950598422,0.9722826086956521,0.9898672595480338,0.9806390332488096,0.9859837942410666,0.9925827488618186,0.985327903091061,0.9845087624938371,0.9809839632370362,0.9943270735524258,0.979591803964869,0.9630573127913553,0.9913311919726745,0.9879853866534195,0.9677238371625234,0.9930872698729841,0.9844513125763127,0.9777034559643256,0.9918006432852472,0.9878903704945476
86,0.9740735045920956,0.9780684748523382,0.9829381088587653,0.993663823079168,0.9846719748505464,0.9851553918718097,0.9869624613922546,0.9868268271253346,0.9894714082214082,0.9749349580940083,0.988761492758594,0.9863605875970476,0.9873486901535682,0.9942977915804003,0.9898315496064112,0.9810610223110224,0.9933489827856026,0.9840903540903541,0.9878408997185669,0.9863645608754017,0.9884003786058154,0.9682922990987508,0.9891003233249224,0.9933531746031746,0.9850509316253416,0.9852188552188552,0.9921406430219147
87,0.9795605165513913,0.9705256917141101,0.9779127039588256,0.9871234946743008,0.9807398229476151,0.993838499808649,0.9972184087503477,0.9872384348672404,0.9748632385188988,0.9775469214008896,0.9950917626973965,0.9878228984805795,0.988984126984127,0.9836363636363636,0.984624227348108,0.9680152241057826,0.993963782696177,0.9736765087745999,0.9706180195218753,0.9837010373273886,0.9818949522672201,0.9877204502814259,0.9926635660490846,0.9863705330617094,0.9916277353731023,0.9837702465959681,0.9836787419616141
88,0.9838953857439094,0.967257608701459,0.9855694330694331,0.9826461314576764,0.9821556054638761,0.9919393642118047,0.9749821683048393,0.9939754238534725,0.9790185711796966,0.9810098180686416,0.9900377170468305,0.9867561499720943,0.9868333333333333,0.991482873851295,0.9908901649385279,0.9618226666268525,0.9800202950489073,0.9901849972976823,0.9801049226855678,0.9994955863808322,0.9810182761629241,0.9877522477522479,0.9892122080092006,0.9725944198166422,0.9808177362971884,0.9894328042723766,0.9778994581189768
89,0.9681113473451274,0.9859770156455828,0.9872022792022792,0.9855291454442558,0.9615708421031387,0.9978397486252947,0.9790453121222178,0.9892005157962606,0.9789332971078496,0.9848423438987376,0.9898519321054532,0.9931162464985995,0.9897306397306397,0.9736203703703704,0.9857421033437502,0.9864622340164135,0.9767863729752708,0.9957440580728253,0.9809745434745436,0.9839380291839308,0.9936664398799111,0.9832722832722832,0.9820684969400385,0.9775658369408369,0.9933307102105057,0.9810080668904196,0.9799500524476139
90,0.9860662525879917,0.985907603973571,0.983455675717816,0.9878927524088814,0.9796294240343529,0.9981343283582089,0.9620537696186894,0.9836787399230337,0.9825709039662528,0.9958871537818906,0.9943120260021667,0.9929971988795517,0.9870021367521368,0.9893827160493828,0.9892286931356291,0.9756535947712418,0.9939714041826717,0.9715748251327,0.9760895923480125,0.9910552911451906,0.9933126982307311,0.9776707383185117,0.9937976705833849,0.9851387950767384,0.9906593406593408,0.9936017933344137,0.975472899250259
91,0.9884353741496599,0.9864009139009138,0.9800028649726417,0.9858449415145871,0.9876397361718184,0.9861994375946355,0.9779995795710968,0.9879176379176381,0.9835354500725638,0.9833837238599143,0.9885115038054414,0.986103020753756,0.9946175115207374,0.9977777777777778,0.9910844934988922,0.9911417688591602,0.9917768280444338,0.9878954365783635,0.9822005528255529,0.9919854280510019,0.9789453241751115,0.991556109207931,0.9900724706699684,0.975323487094643,0.9777317554240632,0.9893105316843045,0.9886400901824144
92,0.9809069618905686,0.9889255584630385,0.9930294542059247,0.9835410041616657,0.9819876766369637,0.9955579246624022,0.9894313336936288,0.9854812089484394,0.9746130952380951,0.985917785917786,0.9763094320951421,0.9874903974967912,0.9849572415888205,0.991724537037037,0.9744294712493874,0.98997113997114,0.9849253567381299,0.9878800455670982,0.970362257862258,0.9888368462138954,0.9790307330085537,0.9905494505494505,0.9912496923366488,0.9776219860772516,0.9761679885049822,0.9932704946073929,0.994177131585294
93,0.9950149467390847,0.9919612794612795,0.9811715459464985,0.9774351969198575,0.9765917281628148,0.9899231117141566,0.9856130671218196,0.9884579397763983,0.9980889724310776,0.987445879252602,0.988472942920682,0.9790292331507502,0.9652889258367414,0.98873556998557,0.9781053826467624,0.9908265530977202,0.9755418450053364,0.9790610216656728,0.9835649935649936,0.9949558638083228,0.9804449648711944,0.9826728826728827,0.992965367965368,0.986298028370956,0.984814491064491,0.9853959616283561,0.9902513962839149
94,0.9886879952406269,0.9979609762218458,0.9809673043006376,0.9857150381990105,0.9777346317965409,0.9943464495703302,0.988738118198099,0.9934573002754821,0.9923611111111111,0.9795127494378384,0.9826697840238862,0.9870893812070283,0.9756781257957728,0.9869101731601732,0.970428716347805,0.9821658774339695,0.9895209133589414,0.9830671671862738,0.9779811490169547,0.9885946181751389,0.9937948094419521,0.983007733007733,0.9861722466764482,0.9782278882362065,0.9686225165281718,0.9752607236126507,0.9845141700404859
95,0.9810481377778818,0.9820194401589749,0.9828057392473858,0.972522640963424,0.976796687201995,0.9869610281923716,0.9942750757786651,0.9628355128904982,0.9958333333333333,0.9831751651124562,0.9767117242883605,0.9898822405216265,0.9690772229938227,0.9859640522875817,0.982223460843464,0.9901812240047535,0.9873842336314538,0.9918437118437118,0.9822527885027885,0.9730939954510202,0.9963570127504554,0.9885844924306464,0.9795809443641005,0.9806481147871428,0.968812934703623,0.9949309803983803,0.9950105042016806
96,0.9655600428892356,0.9898989898989901,0.9849532967032967,0.9687556696272951,0.9752457658026665,1.0,0.9902613569392493,0.9791716231407676,0.987369420702754,0.9847787746338471,0.9779925595507147,0.9829394174316548,0.9887081367081367,0.9923076923076923,0.9746317115720101,0.9818102965877266,0.9902362085896731,0.9919937205651492,0.9966216216216216,0.9762188001633321,0.9887181823133023,0.9754982197289889,0.9917053184910328,0.9806698747875219,0.9802857581577217,0.9896435620573553,0.9934262004532997
97,0.9849682788094996,0.9945268609300231,0.9737739956699094,0.9909247898159188,0.9709590185672144,0.9902758932609679,0.9908597506919681,0.9800653647066354,0.9837698412698413,0.9825857290553515,0.9811604193327408,0.9728807505676438,0.9850297934938459,0.9691858141858141,0.9848786371174432,0.9983333333333333,0.9967723004694837,0.992883587001234,0.9991726420297848,0.9945492246071167,0.9922586520947176,0.989654463183875,0.9871580944308218,0.9924769060097015,0.9935579411959913,0.9868011084751661,0.9929460872005331
98,0.9869727891156462,0.9929290154290155,0.9721253902527193,0.9776108795526506,0.9705673860675978,0.9849735313579884,0.9947725748474207,0.9853659412482941,0.9781058897243109,0.9855769508774973,0.9936481634907484,0.979029793735676,0.9878902116402116,0.9696895424836602,0.9786825045852491,0.994320987654321,0.99749477255691,0.9969230769230769,0.9923655272919979,0.9973687835790054,0.9845232731431741,0.9897435897435899,0.9747626008293913,0.9849285574603167,0.9818748290673016,0.9899814349648053,0.9820938193858085
99,0.9861395275409742,0.9902198455139632,0.9844707902756683,0.9810931899641576,0.9726388374741917,0.9885263989741601,0.9943708715045527,0.9901695526695528,0.9822007071222979,0.9857779262272277,0.9916773367477593,0.9701157888028337,0.9977777777777779,0.9676669345303246,0.9862640578619507,0.997043619478945,0.9906103286384977,0.9886770092652446,0.9810880709853312,0.9820045874149311,0.991780210992526,0.9765007350373204,0.9881110494011323,0.9927094096108181,0.9885930309007234,0.9909463684463685,0.9793474227297757
