config_name,n_platforms,rho_e,alpha,burst_rate,burst_size_mean,burst_size_median,burst_size_sd,interval_mean,interval_median,escalation_mean_slope,escalation_p_value,escalation_fraction_positive,n_platform_iterations,class_active,class_quiet,class_raiding_stable,class_enclave,class_raiding_base
exp2_np27_rho005_alpha10,27,0.05,10.0,0.4216666666666667,15.224106913389875,14.0,4.483863635662836,22.727578475336323,18.0,0.5232218113012808,2.352359265133734e-05,0.6048565121412803,5400,0.20277777777777778,0.5783333333333334,0.047592592592592596,0.08222222222222222,0.08907407407407407
exp2_np27_rho005_alpha2,27,0.05,2.0,0.6066666666666667,18.203367782033677,18.0,5.689263249681825,15.351935788479699,11.0,0.018942524014167832,0.6734838621806478,0.4919278252611586,5400,0.11925925925925926,0.3933333333333333,0.28444444444444444,0.06,0.14296296296296296
exp2_np27_rho005_alpha5,27,0.05,5.0,0.5624074074074074,17.192965154503614,16.0,5.449073701479502,18.476484947111473,14.0,0.27842132714179896,5.302159407503633e-06,0.5590551181102362,5400,0.15,0.4375925925925926,0.18,0.0737037037037037,0.1587037037037037
exp2_np27_rho010_alpha10,27,0.1,10.0,0.6201851851851852,25.444194419441946,22.0,12.060027520481407,16.16324486730095,12.0,0.8931114319045348,9.24826584118996e-17,0.5899347623485555,5400,0.0512962962962963,0.3798148148148148,0.2487037037037037,0.11037037037037037,0.20981481481481482
exp2_np27_rho010_alpha2,27,0.1,2.0,0.6616666666666666,28.426604323953327,24.0,13.771529714310653,10.98338651674011,7.0,-0.008341001566473384,0.923764757653337,0.5123318385650224,5400,0.04574074074074074,0.3383333333333333,0.3781481481481481,0.08092592592592593,0.15685185185185185
exp2_np27_rho010_alpha5,27,0.1,5.0,0.6422222222222222,27.546658056183404,24.0,13.278738808181155,13.060375611691574,9.0,0.3647482692902055,0.00011520493211997863,0.5394736842105263,5400,0.0487037037037037,0.35777777777777775,0.33055555555555555,0.08351851851851852,0.17944444444444443
exp2_np27_rho015_alpha10,27,0.15,10.0,0.6453703703703704,36.26284232701345,31.0,19.970817908004936,13.368063872255489,10.0,1.3945047749874617,8.23330493540547e-25,0.5983670295489891,5400,0.025,0.35462962962962963,0.31296296296296294,0.09314814814814815,0.21425925925925926
exp2_np27_rho015_alpha2,27,0.15,2.0,0.6777777777777778,39.472259557945044,33.0,21.65562887022641,10.284182305630027,7.0,0.23977839301229906,0.06933864253339106,0.5232053422370617,5400,0.020555555555555556,0.32222222222222224,0.4122222222222222,0.07351851851851852,0.17148148148148148
exp2_np27_rho015_alpha5,27,0.15,5.0,0.6605555555555556,38.65457297297297,33.0,21.1937164604632,11.466871165644172,8.0,0.6388406879416663,9.685781947648272e-07,0.5574120156416636,5400,0.02185185185185185,0.33944444444444444,0.3787037037037037,0.07833333333333334,0.18166666666666667
exp2_np3_rho005_alpha10,3,0.05,10.0,0.16333333333333333,12.363636363636363,11.0,3.6350183040118145,14.0,14.0,,,,600,0.005,0.8366666666666667,,0.15666666666666668,0.0016666666666666668
exp2_np3_rho005_alpha2,3,0.05,2.0,0.7866666666666666,22.036323202372127,23.0,4.370852674906247,14.20125786163522,12.0,0.44110385835826665,4.571254407163477e-20,0.6926952141057935,600,0.041666666666666664,0.21333333333333335,0.3616666666666667,0.07666666666666666,0.30666666666666664
exp2_np3_rho005_alpha5,3,0.05,5.0,0.6516666666666666,20.114122681883025,21.0,6.012946768129269,34.225806451612904,30.0,3.303658536585365,2.3744500687511663e-17,0.8170731707317073,600,0.165,0.34833333333333333,0.03666666666666667,0.235,0.215
exp2_np3_rho010_alpha10,3,0.1,10.0,0.9483333333333334,26.38562091503268,19.0,14.341887549789817,31.710601719197708,27.0,11.488621997471556,3.3998190949241996e-52,0.9734513274336283,600,,0.051666666666666666,0.011666666666666667,0.6483333333333333,0.28833333333333333
exp2_np3_rho010_alpha2,3,0.1,2.0,0.985,40.21900614754098,44.0,11.775417335775467,10.89827950498038,9.0,2.1466541522203295,1.7865927587756167e-86,0.96,600,0.008333333333333333,0.015,0.041666666666666664,0.22333333333333333,0.7116666666666667
exp2_np3_rho010_alpha5,3,0.1,5.0,0.975,36.581133708351366,43.0,13.832087318259303,18.8279258400927,16.0,6.340500673277022,7.360347689756717e-125,0.974293059125964,600,0.0016666666666666668,0.025,0.023333333333333334,0.2916666666666667,0.6583333333333333
exp2_np3_rho015_alpha10,3,0.15,10.0,0.9983333333333333,48.38620689655173,58.0,21.951527765441888,26.241967871485944,22.0,15.030649784997609,1.8083772490186237e-124,0.9933110367892977,600,,0.0016666666666666668,0.005,0.4,0.5933333333333334
exp2_np3_rho015_alpha2,3,0.15,2.0,1.0,60.81440622972096,66.0,16.765201905297136,9.174496644295303,8.0,2.515639694735091,6.211846178162543e-113,0.975,600,,,0.025,0.275,0.7
exp2_np3_rho015_alpha5,3,0.15,5.0,1.0,57.310226919490205,65.0,19.189909065178888,13.477264042797096,11.0,5.545889776889778,1.8437027386513026e-158,0.9975,600,,,0.0016666666666666668,0.31166666666666665,0.6866666666666666
exp2_np9_rho005_alpha10,9,0.05,10.0,0.2861111111111111,17.314655172413794,16.0,5.346476593322986,23.67874396135266,20.0,1.7800884955752205,4.260554390966974e-12,0.8053097345132744,1800,0.05611111111111111,0.7138888888888889,0.01888888888888889,0.1322222222222222,0.07888888888888888
exp2_np9_rho005_alpha2,9,0.05,2.0,0.6688888888888889,20.293551598274526,21.0,5.261617088592323,10.64642082429501,8.0,0.1432601071394745,0.0020452018053635865,0.556949806949807,1800,0.050555555555555555,0.33111111111111113,0.4166666666666667,0.028333333333333332,0.17333333333333334
exp2_np9_rho005_alpha5,9,0.05,5.0,0.62,19.191974464204286,20.0,5.381211401367919,16.244736039060115,13.0,0.5168872619222267,2.927082317403761e-10,0.6517482517482518,1800,0.10888888888888888,0.38,0.2111111111111111,0.06333333333333334,0.23666666666666666
exp2_np9_rho010_alpha10,9,0.1,10.0,0.6605555555555556,32.23131115459883,33.0,12.27583570044447,16.04157102779903,13.0,2.0814727795380756,1.4450989092475935e-36,0.717049576783555,1800,0.03222222222222222,0.33944444444444444,0.21555555555555556,0.10166666666666667,0.3111111111111111
exp2_np9_rho010_alpha2,9,0.1,2.0,0.7472222222222222,35.47591855135622,40.0,12.990029736302503,8.176613172851889,6.0,0.4357063117585919,2.7961150104159413e-06,0.592274678111588,1800,0.020555555555555556,0.25277777777777777,0.4766666666666667,0.07166666666666667,0.17833333333333334
exp2_np9_rho010_alpha5,9,0.1,5.0,0.6777777777777778,34.86951618360212,39.0,12.536632675254001,11.157316594743037,8.0,0.6740891387597402,5.284799746526371e-08,0.6278195488721805,1800,0.017777777777777778,0.32222222222222224,0.37,0.03611111111111111,0.2538888888888889
exp2_np9_rho015_alpha10,9,0.15,10.0,0.75,47.78316259521933,53.0,20.810173304042124,13.430395913154534,10.0,3.9049036888827615,1.658730370475755e-66,0.8096153846153846,1800,0.006111111111111111,0.25,0.24388888888888888,0.12277777777777778,0.37722222222222224
exp2_np9_rho015_alpha2,9,0.15,2.0,0.8361111111111111,50.6297614340319,61.0,20.95174333210985,7.5774379983905185,5.0,1.3217981607329758,1.995676705286531e-23,0.6731255265374895,1800,0.044444444444444446,0.1638888888888889,0.4588888888888889,0.12444444444444444,0.20833333333333334
exp2_np9_rho015_alpha5,9,0.15,5.0,0.7611111111111111,50.51109898107715,60.0,20.722138598779438,9.961862205133535,7.0,2.5130345852352605,3.1513008216400515e-43,0.754978354978355,1800,0.022222222222222223,0.2388888888888889,0.3433333333333333,0.08222222222222222,0.31333333333333335
